Unity Editor version:    2022.3.62f3 (96770f904ca7)
Branch:                  2022.3/respin/2022.3.62f2-4af31df585-v2
Build type:              Release
Batch mode:              YES
System name:             Linux
Distro version:          #1 SMP PREEMPT_DYNAMIC Fri Mar 13 22:06:06 UTC 2026
Kernel version:          6.19.8-200.fc43.x86_64
Architecture:            x86_64
Window Protocol:         Wayland (XWayland)
Available memory:        15703 MB
Using pre-set license
Pro License: YES

(Unity:10523): Gtk-CRITICAL **: 18:46:57.096: gtk_window_set_default_icon: assertion 'GDK_IS_PIXBUF (icon)' failed

(Unity:10523): GLib-GObject-CRITICAL **: 18:46:57.096: g_object_unref: assertion 'G_IS_OBJECT (object)' failed
Desktop is 1920 x 1080 @ 60 Hz
Initialize udev device monitor.

COMMAND LINE ARGUMENTS:
Unity
-adb2
-batchMode
-noUpm
-name
AssetImportWorker0
-projectPath
/home/ilarion/Unity Projects/Top-down Shooter
-logFile
Logs/AssetImportWorker0.log
-srvPort
36719
Successfully changed project path to: /home/ilarion/Unity Projects/Top-down Shooter
/home/ilarion/Unity Projects/Top-down Shooter
[UnityMemory] Configuration Parameters - Can be set up in boot.config
    "memorysetup-bucket-allocator-granularity=16"
    "memorysetup-bucket-allocator-bucket-count=8"
    "memorysetup-bucket-allocator-block-size=33554432"
    "memorysetup-bucket-allocator-block-count=8"
    "memorysetup-main-allocator-block-size=16777216"
    "memorysetup-thread-allocator-block-size=16777216"
    "memorysetup-gfx-main-allocator-block-size=16777216"
    "memorysetup-gfx-thread-allocator-block-size=16777216"
    "memorysetup-cache-allocator-block-size=4194304"
    "memorysetup-typetree-allocator-block-size=2097152"
    "memorysetup-profiler-bucket-allocator-granularity=16"
    "memorysetup-profiler-bucket-allocator-bucket-count=8"
    "memorysetup-profiler-bucket-allocator-block-size=33554432"
    "memorysetup-profiler-bucket-allocator-block-count=8"
    "memorysetup-profiler-allocator-block-size=16777216"
    "memorysetup-profiler-editor-allocator-block-size=1048576"
    "memorysetup-temp-allocator-size-main=16777216"
    "memorysetup-job-temp-allocator-block-size=2097152"
    "memorysetup-job-temp-allocator-block-size-background=1048576"
    "memorysetup-job-temp-allocator-reduction-small-platforms=262144"
    "memorysetup-allocator-temp-initial-block-size-main=262144"
    "memorysetup-allocator-temp-initial-block-size-worker=262144"
    "memorysetup-temp-allocator-size-background-worker=32768"
    "memorysetup-temp-allocator-size-job-worker=262144"
    "memorysetup-temp-allocator-size-preload-manager=33554432"
    "memorysetup-temp-allocator-size-nav-mesh-worker=65536"
    "memorysetup-temp-allocator-size-audio-worker=65536"
    "memorysetup-temp-allocator-size-cloud-worker=32768"
    "memorysetup-temp-allocator-size-gi-baking-worker=262144"
    "memorysetup-temp-allocator-size-gfx=262144"
Player connection [140369200899648]  Target information:

Player connection [140369200899648]  * "[IP] 10.120.201.75 [Port] 0 [Flags] 2 [Guid] 2389949955 [EditorId] 2389949955 [Version] 1048832 [Id] LinuxEditor(16,10.120.201.75) [Debug] 1 [PackageName] LinuxEditor [ProjectName] Editor" 

Player connection [140369200899648] Host joined multi-casting on [225.0.0.222:54997]...
Player connection [140369200899648] Host joined alternative multi-casting on [225.0.0.222:34997]...
Input System module state changed to: Initialized.
[PhysX] Initialized MultithreadedTaskDispatcher with 12 workers.
Refreshing native plugins compatible for Editor in 2,02 ms, found 1 plugins.
Preloading 0 native plugins for Editor in 0,00 ms.
Initialize engine version: 2022.3.62f3 (96770f904ca7)
[Subsystems] Discovering subsystems at path /home/ilarion/Unity/Hub/Editor/2022.3.62f3/Editor/Data/Resources/UnitySubsystems
[Subsystems] Discovering subsystems at path /home/ilarion/Unity Projects/Top-down Shooter/Assets
GLX Extensions: GLX_ARB_context_flush_control GLX_ARB_create_context GLX_ARB_create_context_no_error GLX_ARB_create_context_profile GLX_ARB_create_context_robustness GLX_ARB_fbconfig_float GLX_ARB_framebuffer_sRGB GLX_ARB_get_proc_address GLX_ARB_multisample GLX_EXT_buffer_age GLX_EXT_create_context_es2_profile GLX_EXT_create_context_es_profile GLX_EXT_fbconfig_packed_float GLX_EXT_framebuffer_sRGB GLX_EXT_no_config_context GLX_EXT_swap_control GLX_EXT_swap_control_tear GLX_EXT_texture_from_pixmap GLX_EXT_visual_info GLX_EXT_visual_rating GLX_MESA_copy_sub_buffer GLX_MESA_gl_interop GLX_MESA_query_renderer GLX_MESA_swap_control GLX_OML_sync_control GLX_SGIS_multisample GLX_SGIX_fbconfig GLX_SGIX_pbuffer GLX_SGIX_visual_select_group GLX_SGI_make_current_read GLX_SGI_video_sync 
Renderer: Mesa Intel(R) Iris(R) Xe Graphics (ADL GT2)
Vendor:   Intel
Version:  4.6 (Core Profile) Mesa 25.3.6
GLES:     0
 GL_3DFX_texture_compression_FXT1 GL_AMD_conservative_depth GL_AMD_depth_clamp_separate GL_AMD_draw_buffers_blend GL_AMD_gpu_shader_int64 GL_AMD_multi_draw_indirect GL_AMD_performance_monitor GL_AMD_pinned_memory GL_AMD_query_buffer_object GL_AMD_seamless_cubemap_per_texture GL_AMD_shader_stencil_export GL_AMD_shader_trinary_minmax GL_AMD_texture_texture4 GL_AMD_vertex_shader_layer GL_AMD_vertex_shader_viewport_index GL_ANGLE_texture_compression_dxt3 GL_ANGLE_texture_compression_dxt5 GL_ARB_ES2_compatibility GL_ARB_ES3_1_compatibility GL_ARB_ES3_2_compatibility GL_ARB_ES3_compatibility GL_ARB_arrays_of_arrays GL_ARB_base_instance GL_ARB_blend_func_extended GL_ARB_buffer_storage GL_ARB_clear_buffer_object GL_ARB_clear_texture GL_ARB_clip_control GL_ARB_compressed_texture_pixel_storage GL_ARB_compute_shader GL_ARB_compute_variable_group_size GL_ARB_conditional_render_inverted GL_ARB_conservative_depth GL_ARB_copy_buffer GL_ARB_copy_image GL_ARB_cull_distance GL_ARB_debug_output GL_ARB_depth_buffer_float GL_ARB
_depth_clamp GL_ARB_derivative_control GL_ARB_direct_state_access GL_ARB_draw_buffers GL_ARB_draw_buffers_blend GL_ARB_draw_elements_base_vertex GL_ARB_draw_indirect GL_ARB_draw_instanced GL_ARB_enhanced_layouts GL_ARB_explicit_attrib_location GL_ARB_explicit_uniform_location GL_ARB_fragment_coord_conventions GL_ARB_fragment_layer_viewport GL_ARB_fragment_shader GL_ARB_fragment_shader_interlock GL_ARB_framebuffer_no_attachments GL_ARB_framebuffer_object GL_ARB_framebuffer_sRGB GL_ARB_get_program_binary GL_ARB_get_texture_sub_image GL_ARB_gl_spirv GL_ARB_gpu_shader5 GL_ARB_gpu_shader_fp64 GL_ARB_gpu_shader_int64 GL_ARB_half_float_pixel GL_ARB_half_float_vertex GL_ARB_indirect_parameters GL_ARB_instanced_arrays GL_ARB_internalformat_query GL_ARB_internalformat_query2 GL_ARB_invalidate_subdata GL_ARB_map_buffer_alignment GL_ARB_map_buffer_range GL_ARB_multi_bind GL_ARB_multi_draw_indirect GL_ARB_occlusion_query2 GL_ARB_parallel_shader_compile GL_ARB_pipeline_statistics_query GL_ARB_pixel_buffer_object GL_ARB_po
int_sprite GL_ARB_polygon_offset_clamp GL_ARB_post_depth_coverage GL_ARB_program_interface_query GL_ARB_provoking_vertex GL_ARB_query_buffer_object GL_ARB_robust_buffer_access_behavior GL_ARB_robustness GL_ARB_sample_shading GL_ARB_sampler_objects GL_ARB_seamless_cube_map GL_ARB_seamless_cubemap_per_texture GL_ARB_separate_shader_objects GL_ARB_shader_atomic_counter_ops GL_ARB_shader_atomic_counters GL_ARB_shader_ballot GL_ARB_shader_bit_encoding GL_ARB_shader_clock GL_ARB_shader_draw_parameters GL_ARB_shader_group_vote GL_ARB_shader_image_load_store GL_ARB_shader_image_size GL_ARB_shader_objects GL_ARB_shader_precision GL_ARB_shader_stencil_export GL_ARB_shader_storage_buffer_object GL_ARB_shader_subroutine GL_ARB_shader_texture_image_samples GL_ARB_shader_texture_lod GL_ARB_shader_viewport_layer_array GL_ARB_shading_language_420pack GL_ARB_shading_language_include GL_ARB_shading_language_packing GL_ARB_spirv_extensions GL_ARB_stencil_texturing GL_ARB_sync GL_ARB_tessellation_shader GL_ARB_texture_barrier G
L_ARB_texture_border_clamp GL_ARB_texture_buffer_object GL_ARB_texture_buffer_object_rgb32 GL_ARB_texture_buffer_range GL_ARB_texture_compression_bptc GL_ARB_texture_compression_rgtc GL_ARB_texture_cube_map_array GL_ARB_texture_filter_anisotropic GL_ARB_texture_filter_minmax GL_ARB_texture_float GL_ARB_texture_gather GL_ARB_texture_mirror_clamp_to_edge GL_ARB_texture_multisample GL_ARB_texture_non_power_of_two GL_ARB_texture_query_levels GL_ARB_texture_query_lod GL_ARB_texture_rectangle GL_ARB_texture_rg GL_ARB_texture_rgb10_a2ui GL_ARB_texture_stencil8 GL_ARB_texture_storage GL_ARB_texture_storage_multisample GL_ARB_texture_swizzle GL_ARB_texture_view GL_ARB_timer_query GL_ARB_transform_feedback2 GL_ARB_transform_feedback3 GL_ARB_transform_feedback_instanced GL_ARB_transform_feedback_overflow_query GL_ARB_uniform_buffer_object GL_ARB_vertex_array_bgra GL_ARB_vertex_array_object GL_ARB_vertex_attrib_64bit GL_ARB_vertex_attrib_binding GL_ARB_vertex_buffer_object GL_ARB_vertex_shader GL_ARB_vertex_type_10f_11f
_11f_rev GL_ARB_vertex_type_2_10_10_10_rev GL_ARB_viewport_array GL_ATI_blend_equation_separate GL_ATI_texture_float GL_EXT_EGL_image_storage GL_EXT_EGL_image_storage_compression GL_EXT_EGL_sync GL_EXT_abgr GL_EXT_blend_equation_separate GL_EXT_debug_label GL_EXT_demote_to_helper_invocation GL_EXT_depth_bounds_test GL_EXT_draw_buffers2 GL_EXT_draw_instanced GL_EXT_framebuffer_blit GL_EXT_framebuffer_multisample GL_EXT_framebuffer_multisample_blit_scaled GL_EXT_framebuffer_object GL_EXT_framebuffer_sRGB GL_EXT_memory_object GL_EXT_memory_object_fd GL_EXT_packed_depth_stencil GL_EXT_packed_float GL_EXT_pixel_buffer_object GL_EXT_polygon_offset_clamp GL_EXT_provoking_vertex GL_EXT_semaphore GL_EXT_semaphore_fd GL_EXT_shader_clock GL_EXT_shader_framebuffer_fetch GL_EXT_shader_framebuffer_fetch_non_coherent GL_EXT_shader_integer_mix GL_EXT_shader_samples_identical GL_EXT_texture_array GL_EXT_texture_compression_dxt1 GL_EXT_texture_compression_rgtc GL_EXT_texture_compression_s3tc GL_EXT_texture_filter_anisotropic 
GL_EXT_texture_integer GL_EXT_texture_sRGB GL_EXT_texture_sRGB_R8 GL_EXT_texture_sRGB_decode GL_EXT_texture_shadow_lod GL_EXT_texture_shared_exponent GL_EXT_texture_snorm GL_EXT_texture_storage GL_EXT_texture_swizzle GL_EXT_timer_query GL_EXT_transform_feedback GL_EXT_vertex_array_bgra GL_EXT_vertex_attrib_64bit GL_IBM_multimode_draw_arrays GL_INTEL_blackhole_render GL_INTEL_conservative_rasterization GL_INTEL_performance_query GL_INTEL_shader_atomic_float_minmax GL_INTEL_shader_integer_functions2 GL_KHR_blend_equation_advanced GL_KHR_blend_equation_advanced_coherent GL_KHR_context_flush_control GL_KHR_debug GL_KHR_no_error GL_KHR_parallel_shader_compile GL_KHR_robust_buffer_access_behavior GL_KHR_robustness GL_KHR_texture_compression_astc_ldr GL_KHR_texture_compression_astc_sliced_3d GL_MESA_framebuffer_flip_y GL_MESA_pack_invert GL_MESA_shader_integer_functions GL_MESA_texture_const_bandwidth GL_MESA_texture_signed_rgba GL_NV_alpha_to_coverage_dither_control GL_NV_compute_shader_derivatives GL_NV_condition
al_render GL_NV_copy_image GL_NV_depth_clamp GL_NV_fragment_shader_interlock GL_NV_packed_depth_stencil GL_NV_texture_barrier GL_OES_EGL_image GL_S3_s3tc
OPENGL LOG: Creating OpenGL 4.6 graphics device ; Context level  <OpenGL 4.5> ; Context handle -699307760
Shader Hidden/ProbeVolume/VoxelizeScene is not supported: GPU does not support conservative rasterization
Initialize mono
Mono path[0] = '/home/ilarion/Unity/Hub/Editor/2022.3.62f3/Editor/Data/Managed'
Mono path[1] = '/home/ilarion/Unity/Hub/Editor/2022.3.62f3/Editor/Data/MonoBleedingEdge/lib/mono/unityjit-linux'
Mono config path = '/home/ilarion/Unity/Hub/Editor/2022.3.62f3/Editor/Data/MonoBleedingEdge/etc'
Using monoOptions --debugger-agent=transport=dt_socket,embedding=1,server=y,suspend=n,address=127.0.0.1:56523
Begin MonoManager ReloadAssembly
Registering precompiled unity dll's ...
Register platform support module: /home/ilarion/Unity/Hub/Editor/2022.3.62f3/Editor/Data/PlaybackEngines/WebGLSupport/UnityEditor.WebGL.Extensions.dll
Register platform support module: /home/ilarion/Unity/Hub/Editor/2022.3.62f3/Editor/Data/PlaybackEngines/AndroidPlayer/UnityEditor.Android.Extensions.dll
Register platform support module: /home/ilarion/Unity/Hub/Editor/2022.3.62f3/Editor/Data/PlaybackEngines/WindowsStandaloneSupport/UnityEditor.WindowsStandalone.Extensions.dll
Register platform support module: /home/ilarion/Unity/Hub/Editor/2022.3.62f3/Editor/Data/PlaybackEngines/LinuxStandaloneSupport/UnityEditor.LinuxStandalone.Extensions.dll
Registered in 0,004832 seconds.
- Loaded All Assemblies, in  0,234 seconds
Native extension for LinuxStandalone target not found
Native extension for WindowsStandalone target not found
Native extension for Android target not found
Android Extension - Scanning For ADB Devices 86 ms
Native extension for WebGL target not found
Mono: successfully reloaded assembly
- Finished resetting the current domain, in  0,374 seconds
Domain Reload Profiling: 608ms
	BeginReloadAssembly (54ms)
		ExecutionOrderSort (0ms)
		DisableScriptedObjects (0ms)
		BackupInstance (0ms)
		ReleaseScriptingObjects (0ms)
		CreateAndSetChildDomain (1ms)
	RebuildCommonClasses (24ms)
	RebuildNativeTypeToScriptingClass (5ms)
	initialDomainReloadingComplete (44ms)
	LoadAllAssembliesAndSetupDomain (107ms)
		LoadAssemblies (54ms)
		RebuildTransferFunctionScriptingTraits (0ms)
		AnalyzeDomain (105ms)
			TypeCache.Refresh (104ms)
				TypeCache.ScanAssembly (94ms)
			ScanForSourceGeneratedMonoScriptInfo (0ms)
			ResolveRequiredComponents (0ms)
	FinalizeReload (374ms)
		ReleaseScriptCaches (0ms)
		RebuildScriptCaches (0ms)
		SetupLoadedEditorAssemblies (334ms)
			LogAssemblyErrors (0ms)
			InitializePlatformSupportModulesInManaged (193ms)
			SetLoadedEditorAssemblies (5ms)
			RefreshPlugins (0ms)
			BeforeProcessingInitializeOnLoad (3ms)
			ProcessInitializeOnLoadAttributes (98ms)
			ProcessInitializeOnLoadMethodAttributes (35ms)
			AfterProcessingInitializeOnLoad (0ms)
			EditorAssembliesLoaded (0ms)
		ExecutionOrderSort2 (0ms)
		AwakeInstancesAfterBackupRestoration (0ms)
========================================================================
Worker process is ready to serve import requests
Caller must complete domain reload
Begin MonoManager ReloadAssembly
- Loaded All Assemblies, in  0,538 seconds
Native extension for LinuxStandalone target not found
Native extension for WindowsStandalone target not found
Native extension for Android target not found
Native extension for WebGL target not found
Mono: successfully reloaded assembly
- Finished resetting the current domain, in  0,616 seconds
Domain Reload Profiling: 1153ms
	BeginReloadAssembly (109ms)
		ExecutionOrderSort (0ms)
		DisableScriptedObjects (4ms)
		BackupInstance (0ms)
		ReleaseScriptingObjects (0ms)
		CreateAndSetChildDomain (24ms)
	RebuildCommonClasses (24ms)
	RebuildNativeTypeToScriptingClass (5ms)
	initialDomainReloadingComplete (33ms)
	LoadAllAssembliesAndSetupDomain (365ms)
		LoadAssemblies (234ms)
		RebuildTransferFunctionScriptingTraits (0ms)
		AnalyzeDomain (180ms)
			TypeCache.Refresh (148ms)
				TypeCache.ScanAssembly (133ms)
			ScanForSourceGeneratedMonoScriptInfo (22ms)
			ResolveRequiredComponents (9ms)
	FinalizeReload (616ms)
		ReleaseScriptCaches (0ms)
		RebuildScriptCaches (0ms)
		SetupLoadedEditorAssemblies (440ms)
			LogAssemblyErrors (0ms)
			InitializePlatformSupportModulesInManaged (38ms)
			SetLoadedEditorAssemblies (5ms)
			RefreshPlugins (0ms)
			BeforeProcessingInitializeOnLoad (66ms)
			ProcessInitializeOnLoadAttributes (247ms)
			ProcessInitializeOnLoadMethodAttributes (82ms)
			AfterProcessingInitializeOnLoad (2ms)
			EditorAssembliesLoaded (0ms)
		ExecutionOrderSort2 (0ms)
		AwakeInstancesAfterBackupRestoration (3ms)
WARNING: Shader Unsupported: 'Hidden/Universal Render Pipeline/StencilDeferred' - All subshaders removed
WARNING: Shader Did you use #pragma only_renderers and omit this platform?
WARNING: Shader If subshaders removal was intentional, you may have forgotten turning Fallback off?
WARNING: Shader Unsupported: 'Hidden/Universal Render Pipeline/StencilDeferred' - All subshaders removed
WARNING: Shader Did you use #pragma only_renderers and omit this platform?
WARNING: Shader If subshaders removal was intentional, you may have forgotten turning Fallback off?
Shader Hidden/ProbeVolume/VoxelizeScene is not supported: GPU does not support conservative rasterization
Launched and connected shader compiler UnityShaderCompiler after 0.01 seconds
Refreshing native plugins compatible for Editor in 0.99 ms, found 1 plugins.
Preloading 0 native plugins for Editor in 0.00 ms.
Unloading 6181 Unused Serialized files (Serialized files now loaded: 0)
Unloading 63 unused Assets / (0.9 MB). Loaded Objects now: 6633.
Memory consumption went from 222.6 MB to 221.7 MB.
Total: 5.793839 ms (FindLiveObjects: 0.517738 ms CreateObjectMapping: 0.390771 ms MarkObjects: 4.054426 ms  DeleteObjects: 0.828885 ms)

AssetImportParameters requested are different than current active one (requested -> active):
  custom:container-demuxer-ogg: 62fdf1f143b41e24485cea50d1cbac27 -> 
  custom:video-decoder-ogg-theora: a1e56fd34408186e4bbccfd4996cb3dc -> 
  custom:CustomObjectIndexerAttribute: f3847dcb39c2a616e8d79845aaae36f1 -> 
  custom:container-demuxer-webm: 4f35f7cbe854078d1ac9338744f61a02 -> 
  custom:container-muxer-webm: aa71ff27fc2769a1b78a27578f13a17b -> 
  custom:video-decoder-webm-vp8: 9c59270c3fd7afecdb556c50c9e8de78 -> 
  custom:SearchIndexIgnoredProperties: e643bd26f0fe6173181afceb89e7c659 -> 
  custom:AudioImporter_EditorPlatform: 2f0ff77a95e0ac474e3e8eeba4e2f7cb -> 
  custom:video-encoder-webm-vp8: eb34c28f22e8b96e1ab97ce403110664 -> 
  custom:audio-decoder-ogg-vorbis: bf7c407c2cedff20999df2af8eb42d56 -> 
  custom:audio-encoder-webm-vorbis: bf7c407c2cedff20999df2af8eb42d56 -> 
========================================================================
Received Import Request.
  Time since last request: 2813.123501 seconds.
  path: Assets/StoneUI
  artifactKey: Guid(8b22277fc5edf1062892fade59200ffe) Importer(815301076,1909f56bfc062723c751e8b465ee728b)
Start importing Assets/StoneUI using Guid(8b22277fc5edf1062892fade59200ffe) Importer(815301076,1909f56bfc062723c751e8b465ee728b) [PhysX] Initialized MultithreadedTaskDispatcher with 12 workers.
 -> (artifact id: 'ab94c12a90b31fdeb25c2819f648d00e') in 0.001387 seconds
Number of updated asset objects reloaded before import = 0
Number of asset objects unloaded after import = 0
========================================================================
Received Import Request.
  Time since last request: 10.260995 seconds.
  path: Assets/StoneUI/OrherUI_4-2K/7.png
  artifactKey: Guid(b498b10e04b2d4d42b0c26e9eb535f19) Importer(815301076,1909f56bfc062723c751e8b465ee728b)
Start importing Assets/StoneUI/OrherUI_4-2K/7.png using Guid(b498b10e04b2d4d42b0c26e9eb535f19) Importer(815301076,1909f56bfc062723c751e8b465ee728b) [PhysX] Initialized MultithreadedTaskDispatcher with 12 workers.
[PhysX] Initialized MultithreadedTaskDispatcher with 12 workers.
 -> (artifact id: 'cb66ebfcd942fcea1bf505024cee42ed') in 0.082844 seconds
Number of updated asset objects reloaded before import = 0
Number of asset objects unloaded after import = 8
========================================================================
Received Import Request.
  Time since last request: 212.330118 seconds.
  path: Assets/StoneUI
  artifactKey: Guid(8b22277fc5edf1062892fade59200ffe) Importer(815301076,1909f56bfc062723c751e8b465ee728b)
Start importing Assets/StoneUI using Guid(8b22277fc5edf1062892fade59200ffe) Importer(815301076,1909f56bfc062723c751e8b465ee728b) [PhysX] Initialized MultithreadedTaskDispatcher with 12 workers.
 -> (artifact id: '9564facd074aac647e6f3603d9b7a14e') in 0.000762 seconds
Number of updated asset objects reloaded before import = 0
Number of asset objects unloaded after import = 0
========================================================================
Received Import Request.
  Time since last request: 26.379479 seconds.
  path: Assets/StoneUI/Buttons_512x512/Moss_Grey/button_moss_grey1.png
  artifactKey: Guid(aca25f2c8a9c42c4d8adab8142a2efc6) Importer(815301076,1909f56bfc062723c751e8b465ee728b)
Start importing Assets/StoneUI/Buttons_512x512/Moss_Grey/button_moss_grey1.png using Guid(aca25f2c8a9c42c4d8adab8142a2efc6) Importer(815301076,1909f56bfc062723c751e8b465ee728b) [PhysX] Initialized MultithreadedTaskDispatcher with 12 workers.
[PhysX] Initialized MultithreadedTaskDispatcher with 12 workers.
 -> (artifact id: '22604cbe0499b1b1bbfaf244a195c1c5') in 0.009672 seconds
Number of updated asset objects reloaded before import = 0
Number of asset objects unloaded after import = 3
========================================================================
Received Import Request.
  Time since last request: 22.707542 seconds.
  path: Assets/StoneUI/Buttons_512x512/Moss_Red/button_moss_red1.png
  artifactKey: Guid(b0b987c8c61c4884986c88cdd9a141f1) Importer(815301076,1909f56bfc062723c751e8b465ee728b)
Start importing Assets/StoneUI/Buttons_512x512/Moss_Red/button_moss_red1.png using Guid(b0b987c8c61c4884986c88cdd9a141f1) Importer(815301076,1909f56bfc062723c751e8b465ee728b) [PhysX] Initialized MultithreadedTaskDispatcher with 12 workers.
[PhysX] Initialized MultithreadedTaskDispatcher with 12 workers.
 -> (artifact id: 'eadf176ae617d3bbeb859305d3937397') in 0.010358 seconds
Number of updated asset objects reloaded before import = 0
Number of asset objects unloaded after import = 3
========================================================================
Received Import Request.
  Time since last request: 22.954332 seconds.
  path: Assets/StoneUI/Buttons_512x512/Moss_Red/button_moss_red6.png
  artifactKey: Guid(1819e894d33e14546ba8f2fc1a181a9b) Importer(815301076,1909f56bfc062723c751e8b465ee728b)
Start importing Assets/StoneUI/Buttons_512x512/Moss_Red/button_moss_red6.png using Guid(1819e894d33e14546ba8f2fc1a181a9b) Importer(815301076,1909f56bfc062723c751e8b465ee728b) [PhysX] Initialized MultithreadedTaskDispatcher with 12 workers.
[PhysX] Initialized MultithreadedTaskDispatcher with 12 workers.
 -> (artifact id: '48a58a23504ad8c799ff3126aaa83fa3') in 0.008232 seconds
Number of updated asset objects reloaded before import = 0
Number of asset objects unloaded after import = 3
========================================================================
Received Import Request.
  Time since last request: 10.530202 seconds.
  path: Assets/StoneUI/Buttons_512x512/Moss_Red/button_moss_red50.png
  artifactKey: Guid(ddc52a7faeae85641970d180fc408097) Importer(815301076,1909f56bfc062723c751e8b465ee728b)
Start importing Assets/StoneUI/Buttons_512x512/Moss_Red/button_moss_red50.png using Guid(ddc52a7faeae85641970d180fc408097) Importer(815301076,1909f56bfc062723c751e8b465ee728b) [PhysX] Initialized MultithreadedTaskDispatcher with 12 workers.
[PhysX] Initialized MultithreadedTaskDispatcher with 12 workers.
 -> (artifact id: '0269d41ca88f3211d342408f7e4183d5') in 0.008996 seconds
Number of updated asset objects reloaded before import = 0
Number of asset objects unloaded after import = 3
========================================================================
Received Import Request.
  Time since last request: 1.430195 seconds.
  path: Assets/StoneUI/Buttons_512x512/Moss_Red/button_moss_red49.png
  artifactKey: Guid(ed3fcfd47e7030c4ba1b2f850ce7a0ab) Importer(815301076,1909f56bfc062723c751e8b465ee728b)
Start importing Assets/StoneUI/Buttons_512x512/Moss_Red/button_moss_red49.png using Guid(ed3fcfd47e7030c4ba1b2f850ce7a0ab) Importer(815301076,1909f56bfc062723c751e8b465ee728b) [PhysX] Initialized MultithreadedTaskDispatcher with 12 workers.
[PhysX] Initialized MultithreadedTaskDispatcher with 12 workers.
 -> (artifact id: '5a132d22b586581a0cc0ae5f8460a2be') in 0.010311 seconds
Number of updated asset objects reloaded before import = 0
Number of asset objects unloaded after import = 3
========================================================================
Received Import Request.
  Time since last request: 0.563681 seconds.
  path: Assets/StoneUI/Buttons_512x512/Moss_Red/button_moss_red48.png
  artifactKey: Guid(789907a435634f747808baf94f89c990) Importer(815301076,1909f56bfc062723c751e8b465ee728b)
Start importing Assets/StoneUI/Buttons_512x512/Moss_Red/button_moss_red48.png using Guid(789907a435634f747808baf94f89c990) Importer(815301076,1909f56bfc062723c751e8b465ee728b) [PhysX] Initialized MultithreadedTaskDispatcher with 12 workers.
[PhysX] Initialized MultithreadedTaskDispatcher with 12 workers.
 -> (artifact id: '4f79d7b23e4261f03064086339279d05') in 0.010022 seconds
Number of updated asset objects reloaded before import = 0
Number of asset objects unloaded after import = 3
========================================================================
Received Import Request.
  Time since last request: 0.401265 seconds.
  path: Assets/StoneUI/Buttons_512x512/Moss_Red/button_moss_red47.png
  artifactKey: Guid(17d9b7d73dfc6f146ab2b94ca27a29f9) Importer(815301076,1909f56bfc062723c751e8b465ee728b)
Start importing Assets/StoneUI/Buttons_512x512/Moss_Red/button_moss_red47.png using Guid(17d9b7d73dfc6f146ab2b94ca27a29f9) Importer(815301076,1909f56bfc062723c751e8b465ee728b) [PhysX] Initialized MultithreadedTaskDispatcher with 12 workers.
[PhysX] Initialized MultithreadedTaskDispatcher with 12 workers.
 -> (artifact id: 'c32ee80fbce2316a3d1a8d82476f3695') in 0.010639 seconds
Number of updated asset objects reloaded before import = 0
Number of asset objects unloaded after import = 3
========================================================================
Received Import Request.
  Time since last request: 0.382262 seconds.
  path: Assets/StoneUI/Buttons_512x512/Moss_Red/button_moss_red46.png
  artifactKey: Guid(99f012d1be1511448ac93bb7982ca918) Importer(815301076,1909f56bfc062723c751e8b465ee728b)
Start importing Assets/StoneUI/Buttons_512x512/Moss_Red/button_moss_red46.png using Guid(99f012d1be1511448ac93bb7982ca918) Importer(815301076,1909f56bfc062723c751e8b465ee728b) [PhysX] Initialized MultithreadedTaskDispatcher with 12 workers.
[PhysX] Initialized MultithreadedTaskDispatcher with 12 workers.
 -> (artifact id: '7c9a2fddee266487230def100f0bfe8f') in 0.008963 seconds
Number of updated asset objects reloaded before import = 0
Number of asset objects unloaded after import = 3
========================================================================
Received Import Request.
  Time since last request: 0.396891 seconds.
  path: Assets/StoneUI/Buttons_512x512/Moss_Red/button_moss_red45.png
  artifactKey: Guid(96ad5ad5f094e4642b8fde2637018fd3) Importer(815301076,1909f56bfc062723c751e8b465ee728b)
Start importing Assets/StoneUI/Buttons_512x512/Moss_Red/button_moss_red45.png using Guid(96ad5ad5f094e4642b8fde2637018fd3) Importer(815301076,1909f56bfc062723c751e8b465ee728b) [PhysX] Initialized MultithreadedTaskDispatcher with 12 workers.
[PhysX] Initialized MultithreadedTaskDispatcher with 12 workers.
 -> (artifact id: 'dbd17f9d07dda575aa6bf2ad5ca753ff') in 0.010355 seconds
Number of updated asset objects reloaded before import = 0
Number of asset objects unloaded after import = 3
========================================================================
Received Import Request.
  Time since last request: 0.183134 seconds.
  path: Assets/StoneUI/Buttons_512x512/Moss_Red/button_moss_red44.png
  artifactKey: Guid(74ddbc6c498ba6145a2e56e0dfcc2e79) Importer(815301076,1909f56bfc062723c751e8b465ee728b)
Start importing Assets/StoneUI/Buttons_512x512/Moss_Red/button_moss_red44.png using Guid(74ddbc6c498ba6145a2e56e0dfcc2e79) Importer(815301076,1909f56bfc062723c751e8b465ee728b) [PhysX] Initialized MultithreadedTaskDispatcher with 12 workers.
[PhysX] Initialized MultithreadedTaskDispatcher with 12 workers.
 -> (artifact id: 'd245e3c35af88b51e6232befecd644f5') in 0.010048 seconds
Number of updated asset objects reloaded before import = 0
Number of asset objects unloaded after import = 3
========================================================================
Received Import Request.
  Time since last request: 0.406763 seconds.
  path: Assets/StoneUI/Buttons_512x512/Moss_Red/button_moss_red43.png
  artifactKey: Guid(dacfa9c6cb72c964dad7cf7c35a1511e) Importer(815301076,1909f56bfc062723c751e8b465ee728b)
Start importing Assets/StoneUI/Buttons_512x512/Moss_Red/button_moss_red43.png using Guid(dacfa9c6cb72c964dad7cf7c35a1511e) Importer(815301076,1909f56bfc062723c751e8b465ee728b) [PhysX] Initialized MultithreadedTaskDispatcher with 12 workers.
[PhysX] Initialized MultithreadedTaskDispatcher with 12 workers.
 -> (artifact id: 'a55203dbec33c17d083c078800f6ecd0') in 0.010375 seconds
Number of updated asset objects reloaded before import = 0
Number of asset objects unloaded after import = 3
========================================================================
Received Import Request.
  Time since last request: 0.566990 seconds.
  path: Assets/StoneUI/Buttons_512x512/Moss_Red/button_moss_red42.png
  artifactKey: Guid(cecb6ee4d0bee1a4e88ab9c38b46042c) Importer(815301076,1909f56bfc062723c751e8b465ee728b)
Start importing Assets/StoneUI/Buttons_512x512/Moss_Red/button_moss_red42.png using Guid(cecb6ee4d0bee1a4e88ab9c38b46042c) Importer(815301076,1909f56bfc062723c751e8b465ee728b) [PhysX] Initialized MultithreadedTaskDispatcher with 12 workers.
[PhysX] Initialized MultithreadedTaskDispatcher with 12 workers.
 -> (artifact id: '666368612a049ab132ab1fe04bf4f214') in 0.010478 seconds
Number of updated asset objects reloaded before import = 0
Number of asset objects unloaded after import = 3
========================================================================
Received Import Request.
  Time since last request: 0.349203 seconds.
  path: Assets/StoneUI/Buttons_512x512/Moss_Red/button_moss_red41.png
  artifactKey: Guid(803d0649db89043498fdc740fec35b46) Importer(815301076,1909f56bfc062723c751e8b465ee728b)
Start importing Assets/StoneUI/Buttons_512x512/Moss_Red/button_moss_red41.png using Guid(803d0649db89043498fdc740fec35b46) Importer(815301076,1909f56bfc062723c751e8b465ee728b) [PhysX] Initialized MultithreadedTaskDispatcher with 12 workers.
[PhysX] Initialized MultithreadedTaskDispatcher with 12 workers.
 -> (artifact id: 'eb0de6d8ee3aab26f552879cec75b7dc') in 0.010477 seconds
Number of updated asset objects reloaded before import = 0
Number of asset objects unloaded after import = 3
========================================================================
Received Import Request.
  Time since last request: 0.331131 seconds.
  path: Assets/StoneUI/Buttons_512x512/Moss_Red/button_moss_red40.png
  artifactKey: Guid(1e3b8a96eb05d3d4c84e2e71eb276649) Importer(815301076,1909f56bfc062723c751e8b465ee728b)
Start importing Assets/StoneUI/Buttons_512x512/Moss_Red/button_moss_red40.png using Guid(1e3b8a96eb05d3d4c84e2e71eb276649) Importer(815301076,1909f56bfc062723c751e8b465ee728b) [PhysX] Initialized MultithreadedTaskDispatcher with 12 workers.
[PhysX] Initialized MultithreadedTaskDispatcher with 12 workers.
 -> (artifact id: '1319bde3b794c374149bd3654e3eb39e') in 0.007857 seconds
Number of updated asset objects reloaded before import = 0
Number of asset objects unloaded after import = 3
========================================================================
Received Import Request.
  Time since last request: 0.392299 seconds.
  path: Assets/StoneUI/Buttons_512x512/Moss_Red/button_moss_red39.png
  artifactKey: Guid(58a8a0021a290fb4085d32d66495c38d) Importer(815301076,1909f56bfc062723c751e8b465ee728b)
Start importing Assets/StoneUI/Buttons_512x512/Moss_Red/button_moss_red39.png using Guid(58a8a0021a290fb4085d32d66495c38d) Importer(815301076,1909f56bfc062723c751e8b465ee728b) [PhysX] Initialized MultithreadedTaskDispatcher with 12 workers.
[PhysX] Initialized MultithreadedTaskDispatcher with 12 workers.
 -> (artifact id: '2f1a96e53fedcd685eb2ef32f5937c04') in 0.008054 seconds
Number of updated asset objects reloaded before import = 0
Number of asset objects unloaded after import = 3
========================================================================
Received Import Request.
  Time since last request: 0.383720 seconds.
  path: Assets/StoneUI/Buttons_512x512/Moss_Red/button_moss_red38.png
  artifactKey: Guid(3f097b13e1a97c443956e2e950366ef2) Importer(815301076,1909f56bfc062723c751e8b465ee728b)
Start importing Assets/StoneUI/Buttons_512x512/Moss_Red/button_moss_red38.png using Guid(3f097b13e1a97c443956e2e950366ef2) Importer(815301076,1909f56bfc062723c751e8b465ee728b) [PhysX] Initialized MultithreadedTaskDispatcher with 12 workers.
[PhysX] Initialized MultithreadedTaskDispatcher with 12 workers.
 -> (artifact id: 'c4a08392dbff6d72b616cf2a17c2cc0a') in 0.008018 seconds
Number of updated asset objects reloaded before import = 0
Number of asset objects unloaded after import = 3
========================================================================
Received Import Request.
  Time since last request: 0.328402 seconds.
  path: Assets/StoneUI/Buttons_512x512/Moss_Red/button_moss_red37.png
  artifactKey: Guid(ed6ade4b0003b8842956f76c6b6d9e43) Importer(815301076,1909f56bfc062723c751e8b465ee728b)
Start importing Assets/StoneUI/Buttons_512x512/Moss_Red/button_moss_red37.png using Guid(ed6ade4b0003b8842956f76c6b6d9e43) Importer(815301076,1909f56bfc062723c751e8b465ee728b) [PhysX] Initialized MultithreadedTaskDispatcher with 12 workers.
[PhysX] Initialized MultithreadedTaskDispatcher with 12 workers.
 -> (artifact id: 'eecf8c95c21cf3721629771a5f115248') in 0.007910 seconds
Number of updated asset objects reloaded before import = 0
Number of asset objects unloaded after import = 3
========================================================================
Received Import Request.
  Time since last request: 0.325787 seconds.
  path: Assets/StoneUI/Buttons_512x512/Moss_Red/button_moss_red36.png
  artifactKey: Guid(04e5f7ddce796354d99b59809c635f32) Importer(815301076,1909f56bfc062723c751e8b465ee728b)
Start importing Assets/StoneUI/Buttons_512x512/Moss_Red/button_moss_red36.png using Guid(04e5f7ddce796354d99b59809c635f32) Importer(815301076,1909f56bfc062723c751e8b465ee728b) [PhysX] Initialized MultithreadedTaskDispatcher with 12 workers.
[PhysX] Initialized MultithreadedTaskDispatcher with 12 workers.
 -> (artifact id: 'd509c47fd60d35bac789f07e98698521') in 0.010421 seconds
Number of updated asset objects reloaded before import = 0
Number of asset objects unloaded after import = 3
========================================================================
Received Import Request.
  Time since last request: 0.386010 seconds.
  path: Assets/StoneUI/Buttons_512x512/Moss_Red/button_moss_red35.png
  artifactKey: Guid(839e09f7b2ab54741be309debe81f79f) Importer(815301076,1909f56bfc062723c751e8b465ee728b)
Start importing Assets/StoneUI/Buttons_512x512/Moss_Red/button_moss_red35.png using Guid(839e09f7b2ab54741be309debe81f79f) Importer(815301076,1909f56bfc062723c751e8b465ee728b) [PhysX] Initialized MultithreadedTaskDispatcher with 12 workers.
[PhysX] Initialized MultithreadedTaskDispatcher with 12 workers.
 -> (artifact id: '37f499cee5ed65df4d44eb69d7c5f3f8') in 0.010900 seconds
Number of updated asset objects reloaded before import = 0
Number of asset objects unloaded after import = 3
========================================================================
Received Import Request.
  Time since last request: 0.391684 seconds.
  path: Assets/StoneUI/Buttons_512x512/Moss_Red/button_moss_red34.png
  artifactKey: Guid(3295fc4ab2675ad4eb64b402ee9f54ff) Importer(815301076,1909f56bfc062723c751e8b465ee728b)
Start importing Assets/StoneUI/Buttons_512x512/Moss_Red/button_moss_red34.png using Guid(3295fc4ab2675ad4eb64b402ee9f54ff) Importer(815301076,1909f56bfc062723c751e8b465ee728b) [PhysX] Initialized MultithreadedTaskDispatcher with 12 workers.
[PhysX] Initialized MultithreadedTaskDispatcher with 12 workers.
 -> (artifact id: 'dc8e51a5c87f71ef74e19ff14827744d') in 0.010110 seconds
Number of updated asset objects reloaded before import = 0
Number of asset objects unloaded after import = 3
========================================================================
Received Import Request.
  Time since last request: 0.458606 seconds.
  path: Assets/StoneUI/Buttons_512x512/Moss_Red/button_moss_red33.png
  artifactKey: Guid(02292db6f3679cd4f99e7c51a47fc223) Importer(815301076,1909f56bfc062723c751e8b465ee728b)
Start importing Assets/StoneUI/Buttons_512x512/Moss_Red/button_moss_red33.png using Guid(02292db6f3679cd4f99e7c51a47fc223) Importer(815301076,1909f56bfc062723c751e8b465ee728b) [PhysX] Initialized MultithreadedTaskDispatcher with 12 workers.
[PhysX] Initialized MultithreadedTaskDispatcher with 12 workers.
 -> (artifact id: '93894106f14e0e3fa5dfbfe7a9a6eb64') in 0.007912 seconds
Number of updated asset objects reloaded before import = 0
Number of asset objects unloaded after import = 3
========================================================================
Received Import Request.
  Time since last request: 0.325203 seconds.
  path: Assets/StoneUI/Buttons_512x512/Moss_Red/button_moss_red32.png
  artifactKey: Guid(9a1b7b917a81f404abca258a3eb26cca) Importer(815301076,1909f56bfc062723c751e8b465ee728b)
Start importing Assets/StoneUI/Buttons_512x512/Moss_Red/button_moss_red32.png using Guid(9a1b7b917a81f404abca258a3eb26cca) Importer(815301076,1909f56bfc062723c751e8b465ee728b) [PhysX] Initialized MultithreadedTaskDispatcher with 12 workers.
[PhysX] Initialized MultithreadedTaskDispatcher with 12 workers.
 -> (artifact id: 'ca750edb2fb1e8f15faba052026a1b73') in 0.010733 seconds
Number of updated asset objects reloaded before import = 0
Number of asset objects unloaded after import = 3
========================================================================
Received Import Request.
  Time since last request: 0.412903 seconds.
  path: Assets/StoneUI/Buttons_512x512/Moss_Red/button_moss_red31.png
  artifactKey: Guid(bff51db279e2d3c46a73726880b17644) Importer(815301076,1909f56bfc062723c751e8b465ee728b)
Start importing Assets/StoneUI/Buttons_512x512/Moss_Red/button_moss_red31.png using Guid(bff51db279e2d3c46a73726880b17644) Importer(815301076,1909f56bfc062723c751e8b465ee728b) [PhysX] Initialized MultithreadedTaskDispatcher with 12 workers.
[PhysX] Initialized MultithreadedTaskDispatcher with 12 workers.
 -> (artifact id: '80a8b21127d978ea14f2a1d85fc5faa6') in 0.010397 seconds
Number of updated asset objects reloaded before import = 0
Number of asset objects unloaded after import = 3
========================================================================
Received Import Request.
  Time since last request: 0.259523 seconds.
  path: Assets/StoneUI/Buttons_512x512/Moss_Red/button_moss_red30.png
  artifactKey: Guid(8575926f334248245a57ba62b493e91d) Importer(815301076,1909f56bfc062723c751e8b465ee728b)
Start importing Assets/StoneUI/Buttons_512x512/Moss_Red/button_moss_red30.png using Guid(8575926f334248245a57ba62b493e91d) Importer(815301076,1909f56bfc062723c751e8b465ee728b) [PhysX] Initialized MultithreadedTaskDispatcher with 12 workers.
[PhysX] Initialized MultithreadedTaskDispatcher with 12 workers.
 -> (artifact id: 'd2c0b2aa0f70f05917da2ff8763a6c0d') in 0.010290 seconds
Number of updated asset objects reloaded before import = 0
Number of asset objects unloaded after import = 3
========================================================================
Received Import Request.
  Time since last request: 0.682291 seconds.
  path: Assets/StoneUI/Buttons_512x512/Moss_Red/button_moss_red29.png
  artifactKey: Guid(b9e010b1ed0217349861833ad0fbf81f) Importer(815301076,1909f56bfc062723c751e8b465ee728b)
Start importing Assets/StoneUI/Buttons_512x512/Moss_Red/button_moss_red29.png using Guid(b9e010b1ed0217349861833ad0fbf81f) Importer(815301076,1909f56bfc062723c751e8b465ee728b) [PhysX] Initialized MultithreadedTaskDispatcher with 12 workers.
[PhysX] Initialized MultithreadedTaskDispatcher with 12 workers.
 -> (artifact id: 'dcf344c4510168adc1b49908556d7346') in 0.010946 seconds
Number of updated asset objects reloaded before import = 0
Number of asset objects unloaded after import = 3
========================================================================
Received Import Request.
  Time since last request: 0.235447 seconds.
  path: Assets/StoneUI/Buttons_512x512/Moss_Red/button_moss_red28.png
  artifactKey: Guid(1e81868a84f49a84e9987b585ed6b578) Importer(815301076,1909f56bfc062723c751e8b465ee728b)
Start importing Assets/StoneUI/Buttons_512x512/Moss_Red/button_moss_red28.png using Guid(1e81868a84f49a84e9987b585ed6b578) Importer(815301076,1909f56bfc062723c751e8b465ee728b) [PhysX] Initialized MultithreadedTaskDispatcher with 12 workers.
[PhysX] Initialized MultithreadedTaskDispatcher with 12 workers.
 -> (artifact id: 'f0cca0d50ec5830a9854d12eccc87bcd') in 0.008722 seconds
Number of updated asset objects reloaded before import = 0
Number of asset objects unloaded after import = 3
========================================================================
Received Import Request.
  Time since last request: 0.459279 seconds.
  path: Assets/StoneUI/Buttons_512x512/Moss_Red/button_moss_red27.png
  artifactKey: Guid(d50dddc76bbecb345944f6368b69d7bc) Importer(815301076,1909f56bfc062723c751e8b465ee728b)
Start importing Assets/StoneUI/Buttons_512x512/Moss_Red/button_moss_red27.png using Guid(d50dddc76bbecb345944f6368b69d7bc) Importer(815301076,1909f56bfc062723c751e8b465ee728b) [PhysX] Initialized MultithreadedTaskDispatcher with 12 workers.
[PhysX] Initialized MultithreadedTaskDispatcher with 12 workers.
 -> (artifact id: 'cd0ca0c874c97a83203dd44d03c1a38d') in 0.007792 seconds
Number of updated asset objects reloaded before import = 0
Number of asset objects unloaded after import = 3
========================================================================
Received Import Request.
  Time since last request: 0.425828 seconds.
  path: Assets/StoneUI/Buttons_512x512/Moss_Red/button_moss_red26.png
  artifactKey: Guid(45fb9f48696aec94eb36ac7ca419ce1d) Importer(815301076,1909f56bfc062723c751e8b465ee728b)
Start importing Assets/StoneUI/Buttons_512x512/Moss_Red/button_moss_red26.png using Guid(45fb9f48696aec94eb36ac7ca419ce1d) Importer(815301076,1909f56bfc062723c751e8b465ee728b) [PhysX] Initialized MultithreadedTaskDispatcher with 12 workers.
[PhysX] Initialized MultithreadedTaskDispatcher with 12 workers.
 -> (artifact id: '0eaadb7889a88aa8b0c25a6ed6656201') in 0.010785 seconds
Number of updated asset objects reloaded before import = 0
Number of asset objects unloaded after import = 3
========================================================================
Received Import Request.
  Time since last request: 0.203067 seconds.
  path: Assets/StoneUI/Buttons_512x512/Moss_Red/button_moss_red25.png
  artifactKey: Guid(d848d8315dcb63c4584518443030d5ce) Importer(815301076,1909f56bfc062723c751e8b465ee728b)
Start importing Assets/StoneUI/Buttons_512x512/Moss_Red/button_moss_red25.png using Guid(d848d8315dcb63c4584518443030d5ce) Importer(815301076,1909f56bfc062723c751e8b465ee728b) [PhysX] Initialized MultithreadedTaskDispatcher with 12 workers.
[PhysX] Initialized MultithreadedTaskDispatcher with 12 workers.
 -> (artifact id: 'b83884e4489cbe2068f313920f159816') in 0.007779 seconds
Number of updated asset objects reloaded before import = 0
Number of asset objects unloaded after import = 3
========================================================================
Received Import Request.
  Time since last request: 0.346628 seconds.
  path: Assets/StoneUI/Buttons_512x512/Moss_Red/button_moss_red24.png
  artifactKey: Guid(3e053e8f67cad474fb3cadd0c2b41d3e) Importer(815301076,1909f56bfc062723c751e8b465ee728b)
Start importing Assets/StoneUI/Buttons_512x512/Moss_Red/button_moss_red24.png using Guid(3e053e8f67cad474fb3cadd0c2b41d3e) Importer(815301076,1909f56bfc062723c751e8b465ee728b) [PhysX] Initialized MultithreadedTaskDispatcher with 12 workers.
[PhysX] Initialized MultithreadedTaskDispatcher with 12 workers.
 -> (artifact id: 'f190bb1fca8789484fb12d4d2b855691') in 0.007959 seconds
Number of updated asset objects reloaded before import = 0
Number of asset objects unloaded after import = 3
========================================================================
Received Import Request.
  Time since last request: 0.364526 seconds.
  path: Assets/StoneUI/Buttons_512x512/Moss_Red/button_moss_red23.png
  artifactKey: Guid(dd26cd84daa5ffd4eb3e6d00d961c5da) Importer(815301076,1909f56bfc062723c751e8b465ee728b)
Start importing Assets/StoneUI/Buttons_512x512/Moss_Red/button_moss_red23.png using Guid(dd26cd84daa5ffd4eb3e6d00d961c5da) Importer(815301076,1909f56bfc062723c751e8b465ee728b) [PhysX] Initialized MultithreadedTaskDispatcher with 12 workers.
[PhysX] Initialized MultithreadedTaskDispatcher with 12 workers.
 -> (artifact id: '073e5d27521b0068819dbdfe13f28c3c') in 0.008073 seconds
Number of updated asset objects reloaded before import = 0
Number of asset objects unloaded after import = 3
========================================================================
Received Import Request.
  Time since last request: 0.225562 seconds.
  path: Assets/StoneUI/Buttons_512x512/Moss_Red/button_moss_red22.png
  artifactKey: Guid(b3bd5f304a1c8dd4187c2b14a3229789) Importer(815301076,1909f56bfc062723c751e8b465ee728b)
Start importing Assets/StoneUI/Buttons_512x512/Moss_Red/button_moss_red22.png using Guid(b3bd5f304a1c8dd4187c2b14a3229789) Importer(815301076,1909f56bfc062723c751e8b465ee728b) [PhysX] Initialized MultithreadedTaskDispatcher with 12 workers.
[PhysX] Initialized MultithreadedTaskDispatcher with 12 workers.
 -> (artifact id: '6dbdd7bcecfd8d567badb8cec2e78da5') in 0.008180 seconds
Number of updated asset objects reloaded before import = 0
Number of asset objects unloaded after import = 3
========================================================================
Received Import Request.
  Time since last request: 0.419135 seconds.
  path: Assets/StoneUI/Buttons_512x512/Moss_Red/button_moss_red21.png
  artifactKey: Guid(cf3345ff321037d47b18b4ad44adb729) Importer(815301076,1909f56bfc062723c751e8b465ee728b)
Start importing Assets/StoneUI/Buttons_512x512/Moss_Red/button_moss_red21.png using Guid(cf3345ff321037d47b18b4ad44adb729) Importer(815301076,1909f56bfc062723c751e8b465ee728b) [PhysX] Initialized MultithreadedTaskDispatcher with 12 workers.
[PhysX] Initialized MultithreadedTaskDispatcher with 12 workers.
 -> (artifact id: '7b8ae65e28bca61a78544ee2c85cef2e') in 0.008670 seconds
Number of updated asset objects reloaded before import = 0
Number of asset objects unloaded after import = 3
========================================================================
Received Import Request.
  Time since last request: 0.390252 seconds.
  path: Assets/StoneUI/Buttons_512x512/Moss_Red/button_moss_red20.png
  artifactKey: Guid(3ae706f1bcb2440478df6fdbe6546a95) Importer(815301076,1909f56bfc062723c751e8b465ee728b)
Start importing Assets/StoneUI/Buttons_512x512/Moss_Red/button_moss_red20.png using Guid(3ae706f1bcb2440478df6fdbe6546a95) Importer(815301076,1909f56bfc062723c751e8b465ee728b) [PhysX] Initialized MultithreadedTaskDispatcher with 12 workers.
[PhysX] Initialized MultithreadedTaskDispatcher with 12 workers.
 -> (artifact id: '944980d14c7740d101f6f98645cbc7a1') in 0.009858 seconds
Number of updated asset objects reloaded before import = 0
Number of asset objects unloaded after import = 3
========================================================================
Received Import Request.
  Time since last request: 0.335440 seconds.
  path: Assets/StoneUI/Buttons_512x512/Moss_Red/button_moss_red19.png
  artifactKey: Guid(b8da3cf485352ba47bcec781efefec8e) Importer(815301076,1909f56bfc062723c751e8b465ee728b)
Start importing Assets/StoneUI/Buttons_512x512/Moss_Red/button_moss_red19.png using Guid(b8da3cf485352ba47bcec781efefec8e) Importer(815301076,1909f56bfc062723c751e8b465ee728b) [PhysX] Initialized MultithreadedTaskDispatcher with 12 workers.
[PhysX] Initialized MultithreadedTaskDispatcher with 12 workers.
 -> (artifact id: '882f3979ac0ebac5654aaf4682401af3') in 0.007838 seconds
Number of updated asset objects reloaded before import = 0
Number of asset objects unloaded after import = 3
========================================================================
Received Import Request.
  Time since last request: 0.253091 seconds.
  path: Assets/StoneUI/Buttons_512x512/Moss_Red/button_moss_red18.png
  artifactKey: Guid(95fc990e9034d2545901c33c1742c2b7) Importer(815301076,1909f56bfc062723c751e8b465ee728b)
Start importing Assets/StoneUI/Buttons_512x512/Moss_Red/button_moss_red18.png using Guid(95fc990e9034d2545901c33c1742c2b7) Importer(815301076,1909f56bfc062723c751e8b465ee728b) [PhysX] Initialized MultithreadedTaskDispatcher with 12 workers.
[PhysX] Initialized MultithreadedTaskDispatcher with 12 workers.
 -> (artifact id: '221256058b2e1563c662bf14f5dfac32') in 0.008195 seconds
Number of updated asset objects reloaded before import = 0
Number of asset objects unloaded after import = 3
========================================================================
Received Import Request.
  Time since last request: 0.328309 seconds.
  path: Assets/StoneUI/Buttons_512x512/Moss_Red/button_moss_red17.png
  artifactKey: Guid(7f6d2645118884f4d895a9172f6cfc5d) Importer(815301076,1909f56bfc062723c751e8b465ee728b)
Start importing Assets/StoneUI/Buttons_512x512/Moss_Red/button_moss_red17.png using Guid(7f6d2645118884f4d895a9172f6cfc5d) Importer(815301076,1909f56bfc062723c751e8b465ee728b) [PhysX] Initialized MultithreadedTaskDispatcher with 12 workers.
[PhysX] Initialized MultithreadedTaskDispatcher with 12 workers.
 -> (artifact id: '6d4cc422c787cd4213d8593c39b77cd3') in 0.008213 seconds
Number of updated asset objects reloaded before import = 0
Number of asset objects unloaded after import = 3
========================================================================
Received Import Request.
  Time since last request: 0.710469 seconds.
  path: Assets/StoneUI/Buttons_512x512/Moss_Red/button_moss_red16.png
  artifactKey: Guid(8bacf5908aa52dd40befb8936705eebb) Importer(815301076,1909f56bfc062723c751e8b465ee728b)
Start importing Assets/StoneUI/Buttons_512x512/Moss_Red/button_moss_red16.png using Guid(8bacf5908aa52dd40befb8936705eebb) Importer(815301076,1909f56bfc062723c751e8b465ee728b) [PhysX] Initialized MultithreadedTaskDispatcher with 12 workers.
[PhysX] Initialized MultithreadedTaskDispatcher with 12 workers.
 -> (artifact id: 'f21576f993406268e5e14d2fc169b3a8') in 0.011470 seconds
Number of updated asset objects reloaded before import = 0
Number of asset objects unloaded after import = 3
========================================================================
Received Import Request.
  Time since last request: 0.595154 seconds.
  path: Assets/StoneUI/Buttons_512x512/Moss_Red/button_moss_red15.png
  artifactKey: Guid(f45aea0b03d5f42409d0a421c90ef2ec) Importer(815301076,1909f56bfc062723c751e8b465ee728b)
Start importing Assets/StoneUI/Buttons_512x512/Moss_Red/button_moss_red15.png using Guid(f45aea0b03d5f42409d0a421c90ef2ec) Importer(815301076,1909f56bfc062723c751e8b465ee728b) [PhysX] Initialized MultithreadedTaskDispatcher with 12 workers.
[PhysX] Initialized MultithreadedTaskDispatcher with 12 workers.
 -> (artifact id: 'efd57be9b78c2bc5efc63a79b88f4b71') in 0.010467 seconds
Number of updated asset objects reloaded before import = 0
Number of asset objects unloaded after import = 3
========================================================================
Received Import Request.
  Time since last request: 0.424467 seconds.
  path: Assets/StoneUI/Buttons_512x512/Moss_Red/button_moss_red14.png
  artifactKey: Guid(ef65f4de4241f8b4f87e61aad870c5ff) Importer(815301076,1909f56bfc062723c751e8b465ee728b)
Start importing Assets/StoneUI/Buttons_512x512/Moss_Red/button_moss_red14.png using Guid(ef65f4de4241f8b4f87e61aad870c5ff) Importer(815301076,1909f56bfc062723c751e8b465ee728b) [PhysX] Initialized MultithreadedTaskDispatcher with 12 workers.
[PhysX] Initialized MultithreadedTaskDispatcher with 12 workers.
 -> (artifact id: 'd27f3ebd9c9f1d0e3a6cbf29dad38220') in 0.010059 seconds
Number of updated asset objects reloaded before import = 0
Number of asset objects unloaded after import = 3
========================================================================
Received Import Request.
  Time since last request: 0.815810 seconds.
  path: Assets/StoneUI/Buttons_512x512/Moss_Red/button_moss_red13.png
  artifactKey: Guid(142ead4c57a3aa742a6680afe6829315) Importer(815301076,1909f56bfc062723c751e8b465ee728b)
Start importing Assets/StoneUI/Buttons_512x512/Moss_Red/button_moss_red13.png using Guid(142ead4c57a3aa742a6680afe6829315) Importer(815301076,1909f56bfc062723c751e8b465ee728b) [PhysX] Initialized MultithreadedTaskDispatcher with 12 workers.
[PhysX] Initialized MultithreadedTaskDispatcher with 12 workers.
 -> (artifact id: '3b77a6171a07efdc8b50bc84327c3981') in 0.010356 seconds
Number of updated asset objects reloaded before import = 0
Number of asset objects unloaded after import = 3
========================================================================
Received Import Request.
  Time since last request: 0.508436 seconds.
  path: Assets/StoneUI/Buttons_512x512/Moss_Red/button_moss_red12.png
  artifactKey: Guid(dbdb1759bf966534aa506eb44c9fec6d) Importer(815301076,1909f56bfc062723c751e8b465ee728b)
Start importing Assets/StoneUI/Buttons_512x512/Moss_Red/button_moss_red12.png using Guid(dbdb1759bf966534aa506eb44c9fec6d) Importer(815301076,1909f56bfc062723c751e8b465ee728b) [PhysX] Initialized MultithreadedTaskDispatcher with 12 workers.
[PhysX] Initialized MultithreadedTaskDispatcher with 12 workers.
 -> (artifact id: '788c2db6151d90d3b829c87e367a4fbc') in 0.010303 seconds
Number of updated asset objects reloaded before import = 0
Number of asset objects unloaded after import = 3
========================================================================
Received Import Request.
  Time since last request: 0.386153 seconds.
  path: Assets/StoneUI/Buttons_512x512/Moss_Red/button_moss_red11.png
  artifactKey: Guid(a29162b8841c3464a9d8ef81524a5564) Importer(815301076,1909f56bfc062723c751e8b465ee728b)
Start importing Assets/StoneUI/Buttons_512x512/Moss_Red/button_moss_red11.png using Guid(a29162b8841c3464a9d8ef81524a5564) Importer(815301076,1909f56bfc062723c751e8b465ee728b) [PhysX] Initialized MultithreadedTaskDispatcher with 12 workers.
[PhysX] Initialized MultithreadedTaskDispatcher with 12 workers.
 -> (artifact id: '1390eee09a0efb2c81a4430059244e46') in 0.009341 seconds
Number of updated asset objects reloaded before import = 0
Number of asset objects unloaded after import = 3
========================================================================
Received Import Request.
  Time since last request: 0.175598 seconds.
  path: Assets/StoneUI/Buttons_512x512/Moss_Red/button_moss_red10.png
  artifactKey: Guid(8c26438b0a7893240a7c3e6d99406bb4) Importer(815301076,1909f56bfc062723c751e8b465ee728b)
Start importing Assets/StoneUI/Buttons_512x512/Moss_Red/button_moss_red10.png using Guid(8c26438b0a7893240a7c3e6d99406bb4) Importer(815301076,1909f56bfc062723c751e8b465ee728b) [PhysX] Initialized MultithreadedTaskDispatcher with 12 workers.
[PhysX] Initialized MultithreadedTaskDispatcher with 12 workers.
 -> (artifact id: 'c328971c0fabd53dca1e5f5a7d3c78e5') in 0.007577 seconds
Number of updated asset objects reloaded before import = 0
Number of asset objects unloaded after import = 3
========================================================================
Received Import Request.
  Time since last request: 0.400013 seconds.
  path: Assets/StoneUI/Buttons_512x512/Moss_Red/button_moss_red9.png
  artifactKey: Guid(79740f332de755040a6c75a1dac5ff8e) Importer(815301076,1909f56bfc062723c751e8b465ee728b)
Start importing Assets/StoneUI/Buttons_512x512/Moss_Red/button_moss_red9.png using Guid(79740f332de755040a6c75a1dac5ff8e) Importer(815301076,1909f56bfc062723c751e8b465ee728b) [PhysX] Initialized MultithreadedTaskDispatcher with 12 workers.
[PhysX] Initialized MultithreadedTaskDispatcher with 12 workers.
 -> (artifact id: '19c0b45b60d72a8dfd81c58e8251bebf') in 0.008137 seconds
Number of updated asset objects reloaded before import = 0
Number of asset objects unloaded after import = 3
========================================================================
Received Import Request.
  Time since last request: 0.152541 seconds.
  path: Assets/StoneUI/Buttons_512x512/Moss_Red/button_moss_red8.png
  artifactKey: Guid(1e3ba54316a53684bb591062ef8193e8) Importer(815301076,1909f56bfc062723c751e8b465ee728b)
Start importing Assets/StoneUI/Buttons_512x512/Moss_Red/button_moss_red8.png using Guid(1e3ba54316a53684bb591062ef8193e8) Importer(815301076,1909f56bfc062723c751e8b465ee728b) [PhysX] Initialized MultithreadedTaskDispatcher with 12 workers.
[PhysX] Initialized MultithreadedTaskDispatcher with 12 workers.
 -> (artifact id: 'fb25099971a5a6762c699f3fcb1b34c1') in 0.007713 seconds
Number of updated asset objects reloaded before import = 0
Number of asset objects unloaded after import = 3
========================================================================
Received Import Request.
  Time since last request: 0.432832 seconds.
  path: Assets/StoneUI/Buttons_512x512/Moss_Red/button_moss_red7.png
  artifactKey: Guid(959e4812f30a05e44bffb885871fa1f3) Importer(815301076,1909f56bfc062723c751e8b465ee728b)
Start importing Assets/StoneUI/Buttons_512x512/Moss_Red/button_moss_red7.png using Guid(959e4812f30a05e44bffb885871fa1f3) Importer(815301076,1909f56bfc062723c751e8b465ee728b) [PhysX] Initialized MultithreadedTaskDispatcher with 12 workers.
[PhysX] Initialized MultithreadedTaskDispatcher with 12 workers.
 -> (artifact id: '685418ded74c01d95c9bc32519403739') in 0.008408 seconds
Number of updated asset objects reloaded before import = 0
Number of asset objects unloaded after import = 3
========================================================================
Received Import Request.
  Time since last request: 0.702875 seconds.
  path: Assets/StoneUI/Buttons_512x512/Moss_Red/button_moss_red5.png
  artifactKey: Guid(1cb3a46ae220bff4faf7216bb9765b93) Importer(815301076,1909f56bfc062723c751e8b465ee728b)
Start importing Assets/StoneUI/Buttons_512x512/Moss_Red/button_moss_red5.png using Guid(1cb3a46ae220bff4faf7216bb9765b93) Importer(815301076,1909f56bfc062723c751e8b465ee728b) [PhysX] Initialized MultithreadedTaskDispatcher with 12 workers.
[PhysX] Initialized MultithreadedTaskDispatcher with 12 workers.
 -> (artifact id: 'd0b821a230dc1d9e0094ff09246a9cbb') in 0.010262 seconds
Number of updated asset objects reloaded before import = 0
Number of asset objects unloaded after import = 3
========================================================================
Received Import Request.
  Time since last request: 0.285819 seconds.
  path: Assets/StoneUI/Buttons_512x512/Moss_Red/button_moss_red4.png
  artifactKey: Guid(bc33941c74085a641a73ef8d1a463b10) Importer(815301076,1909f56bfc062723c751e8b465ee728b)
Start importing Assets/StoneUI/Buttons_512x512/Moss_Red/button_moss_red4.png using Guid(bc33941c74085a641a73ef8d1a463b10) Importer(815301076,1909f56bfc062723c751e8b465ee728b) [PhysX] Initialized MultithreadedTaskDispatcher with 12 workers.
[PhysX] Initialized MultithreadedTaskDispatcher with 12 workers.
 -> (artifact id: '59ddfa12a24ea2a954840f2a328148cf') in 0.007893 seconds
Number of updated asset objects reloaded before import = 0
Number of asset objects unloaded after import = 3
========================================================================
Received Import Request.
  Time since last request: 0.301133 seconds.
  path: Assets/StoneUI/Buttons_512x512/Moss_Red/button_moss_red3.png
  artifactKey: Guid(895cc1208e9256145bdc516fc8efbf10) Importer(815301076,1909f56bfc062723c751e8b465ee728b)
Start importing Assets/StoneUI/Buttons_512x512/Moss_Red/button_moss_red3.png using Guid(895cc1208e9256145bdc516fc8efbf10) Importer(815301076,1909f56bfc062723c751e8b465ee728b) [PhysX] Initialized MultithreadedTaskDispatcher with 12 workers.
[PhysX] Initialized MultithreadedTaskDispatcher with 12 workers.
 -> (artifact id: '910a122cdc89b7b786769645254bbb91') in 0.008441 seconds
Number of updated asset objects reloaded before import = 0
Number of asset objects unloaded after import = 3
========================================================================
Received Import Request.
  Time since last request: 0.174411 seconds.
  path: Assets/StoneUI/Buttons_512x512/Moss_Red/button_moss_red2.png
  artifactKey: Guid(575009d87cee268408af449e1b462227) Importer(815301076,1909f56bfc062723c751e8b465ee728b)
Start importing Assets/StoneUI/Buttons_512x512/Moss_Red/button_moss_red2.png using Guid(575009d87cee268408af449e1b462227) Importer(815301076,1909f56bfc062723c751e8b465ee728b) [PhysX] Initialized MultithreadedTaskDispatcher with 12 workers.
[PhysX] Initialized MultithreadedTaskDispatcher with 12 workers.
 -> (artifact id: 'eea1cc58aad7bcaf8f59839a61d073ed') in 0.009464 seconds
Number of updated asset objects reloaded before import = 0
Number of asset objects unloaded after import = 3
========================================================================
Received Import Request.
  Time since last request: 11.334402 seconds.
  path: Assets/StoneUI/Buttons_512x512/Rock_Red/button_rock_red1.png
  artifactKey: Guid(dd25616b4a194ad4e82a9c118e4685ff) Importer(815301076,1909f56bfc062723c751e8b465ee728b)
Start importing Assets/StoneUI/Buttons_512x512/Rock_Red/button_rock_red1.png using Guid(dd25616b4a194ad4e82a9c118e4685ff) Importer(815301076,1909f56bfc062723c751e8b465ee728b) [PhysX] Initialized MultithreadedTaskDispatcher with 12 workers.
[PhysX] Initialized MultithreadedTaskDispatcher with 12 workers.
 -> (artifact id: '112d3053d6bca3c432135bf5bb069b29') in 0.009815 seconds
Number of updated asset objects reloaded before import = 0
Number of asset objects unloaded after import = 3
========================================================================
Received Import Request.
  Time since last request: 3.936431 seconds.
  path: Assets/StoneUI/Buttons_512x512/Rock_Red/button_rock_red2.png
  artifactKey: Guid(ede3e475b75a39843bb92ab15cdbf3e5) Importer(815301076,1909f56bfc062723c751e8b465ee728b)
Start importing Assets/StoneUI/Buttons_512x512/Rock_Red/button_rock_red2.png using Guid(ede3e475b75a39843bb92ab15cdbf3e5) Importer(815301076,1909f56bfc062723c751e8b465ee728b) [PhysX] Initialized MultithreadedTaskDispatcher with 12 workers.
[PhysX] Initialized MultithreadedTaskDispatcher with 12 workers.
 -> (artifact id: 'ee1d2f2b41f957a5f725b659ebc2d259') in 0.009916 seconds
Number of updated asset objects reloaded before import = 0
Number of asset objects unloaded after import = 3
========================================================================
Received Import Request.
  Time since last request: 0.371876 seconds.
  path: Assets/StoneUI/Buttons_512x512/Rock_Red/button_rock_red3.png
  artifactKey: Guid(86c725ae50ef1954f84008931244a583) Importer(815301076,1909f56bfc062723c751e8b465ee728b)
Start importing Assets/StoneUI/Buttons_512x512/Rock_Red/button_rock_red3.png using Guid(86c725ae50ef1954f84008931244a583) Importer(815301076,1909f56bfc062723c751e8b465ee728b) [PhysX] Initialized MultithreadedTaskDispatcher with 12 workers.
[PhysX] Initialized MultithreadedTaskDispatcher with 12 workers.
 -> (artifact id: '7b5586e70cab325dbc66e6e93f3e619f') in 0.007983 seconds
Number of updated asset objects reloaded before import = 0
Number of asset objects unloaded after import = 3
========================================================================
Received Import Request.
  Time since last request: 0.229235 seconds.
  path: Assets/StoneUI/Buttons_512x512/Rock_Red/button_rock_red4.png
  artifactKey: Guid(933b4711fa8b07d4ba7e09726966addd) Importer(815301076,1909f56bfc062723c751e8b465ee728b)
Start importing Assets/StoneUI/Buttons_512x512/Rock_Red/button_rock_red4.png using Guid(933b4711fa8b07d4ba7e09726966addd) Importer(815301076,1909f56bfc062723c751e8b465ee728b) [PhysX] Initialized MultithreadedTaskDispatcher with 12 workers.
[PhysX] Initialized MultithreadedTaskDispatcher with 12 workers.
 -> (artifact id: 'e8cc4792e3539bec5733fd323e41ad7b') in 0.010034 seconds
Number of updated asset objects reloaded before import = 0
Number of asset objects unloaded after import = 3
========================================================================
Received Import Request.
  Time since last request: 0.203808 seconds.
  path: Assets/StoneUI/Buttons_512x512/Rock_Red/button_rock_red5.png
  artifactKey: Guid(dea818b757d76b24193c4d4f2bcc3fe9) Importer(815301076,1909f56bfc062723c751e8b465ee728b)
Start importing Assets/StoneUI/Buttons_512x512/Rock_Red/button_rock_red5.png using Guid(dea818b757d76b24193c4d4f2bcc3fe9) Importer(815301076,1909f56bfc062723c751e8b465ee728b) [PhysX] Initialized MultithreadedTaskDispatcher with 12 workers.
[PhysX] Initialized MultithreadedTaskDispatcher with 12 workers.
 -> (artifact id: '2004c7e3096053a48ba5c36e3520f0cb') in 0.009666 seconds
Number of updated asset objects reloaded before import = 0
Number of asset objects unloaded after import = 3
========================================================================
Received Import Request.
  Time since last request: 0.399915 seconds.
  path: Assets/StoneUI/Buttons_512x512/Rock_Red/button_rock_red6.png
  artifactKey: Guid(b20013a65d7c3244bac6b4eca1676f41) Importer(815301076,1909f56bfc062723c751e8b465ee728b)
Start importing Assets/StoneUI/Buttons_512x512/Rock_Red/button_rock_red6.png using Guid(b20013a65d7c3244bac6b4eca1676f41) Importer(815301076,1909f56bfc062723c751e8b465ee728b) [PhysX] Initialized MultithreadedTaskDispatcher with 12 workers.
[PhysX] Initialized MultithreadedTaskDispatcher with 12 workers.
 -> (artifact id: '9960c93435f39956def82b35ef9c6c98') in 0.009618 seconds
Number of updated asset objects reloaded before import = 0
Number of asset objects unloaded after import = 3
========================================================================
Received Import Request.
  Time since last request: 0.370586 seconds.
  path: Assets/StoneUI/Buttons_512x512/Rock_Red/button_rock_red7.png
  artifactKey: Guid(8f12b190dfd0c12448294f9c69c8d1f9) Importer(815301076,1909f56bfc062723c751e8b465ee728b)
Start importing Assets/StoneUI/Buttons_512x512/Rock_Red/button_rock_red7.png using Guid(8f12b190dfd0c12448294f9c69c8d1f9) Importer(815301076,1909f56bfc062723c751e8b465ee728b) [PhysX] Initialized MultithreadedTaskDispatcher with 12 workers.
[PhysX] Initialized MultithreadedTaskDispatcher with 12 workers.
 -> (artifact id: 'aec4c9e82a5163a0475cd126f6f43409') in 0.009961 seconds
Number of updated asset objects reloaded before import = 0
Number of asset objects unloaded after import = 3
========================================================================
Received Import Request.
  Time since last request: 0.358395 seconds.
  path: Assets/StoneUI/Buttons_512x512/Rock_Red/button_rock_red8.png
  artifactKey: Guid(b80c405a04bd5144b9f9e32807015d55) Importer(815301076,1909f56bfc062723c751e8b465ee728b)
Start importing Assets/StoneUI/Buttons_512x512/Rock_Red/button_rock_red8.png using Guid(b80c405a04bd5144b9f9e32807015d55) Importer(815301076,1909f56bfc062723c751e8b465ee728b) [PhysX] Initialized MultithreadedTaskDispatcher with 12 workers.
[PhysX] Initialized MultithreadedTaskDispatcher with 12 workers.
 -> (artifact id: 'e0299c0d85299aa42ffd802716b46e09') in 0.009680 seconds
Number of updated asset objects reloaded before import = 0
Number of asset objects unloaded after import = 3
========================================================================
Received Import Request.
  Time since last request: 0.387120 seconds.
  path: Assets/StoneUI/Buttons_512x512/Rock_Red/button_rock_red9.png
  artifactKey: Guid(8d814b825448d344e8fae711363e6624) Importer(815301076,1909f56bfc062723c751e8b465ee728b)
Start importing Assets/StoneUI/Buttons_512x512/Rock_Red/button_rock_red9.png using Guid(8d814b825448d344e8fae711363e6624) Importer(815301076,1909f56bfc062723c751e8b465ee728b) [PhysX] Initialized MultithreadedTaskDispatcher with 12 workers.
[PhysX] Initialized MultithreadedTaskDispatcher with 12 workers.
 -> (artifact id: '58778ee7895d885be02b4fcfcc76989a') in 0.007477 seconds
Number of updated asset objects reloaded before import = 0
Number of asset objects unloaded after import = 3
========================================================================
Received Import Request.
  Time since last request: 0.472907 seconds.
  path: Assets/StoneUI/Buttons_512x512/Rock_Red/button_rock_red10.png
  artifactKey: Guid(f615448d5307e94459fc6abff1d682ae) Importer(815301076,1909f56bfc062723c751e8b465ee728b)
Start importing Assets/StoneUI/Buttons_512x512/Rock_Red/button_rock_red10.png using Guid(f615448d5307e94459fc6abff1d682ae) Importer(815301076,1909f56bfc062723c751e8b465ee728b) [PhysX] Initialized MultithreadedTaskDispatcher with 12 workers.
[PhysX] Initialized MultithreadedTaskDispatcher with 12 workers.
 -> (artifact id: 'c736fe34fe7edae74374894a8e55fc47') in 0.009663 seconds
Number of updated asset objects reloaded before import = 0
Number of asset objects unloaded after import = 3
========================================================================
Received Import Request.
  Time since last request: 0.280892 seconds.
  path: Assets/StoneUI/Buttons_512x512/Rock_Red/button_rock_red11.png
  artifactKey: Guid(16afdd8c69734804a928843a1a807a12) Importer(815301076,1909f56bfc062723c751e8b465ee728b)
Start importing Assets/StoneUI/Buttons_512x512/Rock_Red/button_rock_red11.png using Guid(16afdd8c69734804a928843a1a807a12) Importer(815301076,1909f56bfc062723c751e8b465ee728b) [PhysX] Initialized MultithreadedTaskDispatcher with 12 workers.
[PhysX] Initialized MultithreadedTaskDispatcher with 12 workers.
 -> (artifact id: '9b4b99dbac6cded5559ef3adf38c87f4') in 0.009716 seconds
Number of updated asset objects reloaded before import = 0
Number of asset objects unloaded after import = 3
========================================================================
Received Import Request.
  Time since last request: 1.299703 seconds.
  path: Assets/StoneUI/Buttons_512x512/Rock_Red/button_rock_red12.png
  artifactKey: Guid(4d5484c5222ca144594d3bd297c67b72) Importer(815301076,1909f56bfc062723c751e8b465ee728b)
Start importing Assets/StoneUI/Buttons_512x512/Rock_Red/button_rock_red12.png using Guid(4d5484c5222ca144594d3bd297c67b72) Importer(815301076,1909f56bfc062723c751e8b465ee728b) [PhysX] Initialized MultithreadedTaskDispatcher with 12 workers.
[PhysX] Initialized MultithreadedTaskDispatcher with 12 workers.
 -> (artifact id: 'c7ceefcf09d7cf775b64c29ce713e5fb') in 0.010154 seconds
Number of updated asset objects reloaded before import = 0
Number of asset objects unloaded after import = 3
========================================================================
Received Import Request.
  Time since last request: 0.647835 seconds.
  path: Assets/StoneUI/Buttons_512x512/Rock_Red/button_rock_red13.png
  artifactKey: Guid(f52562e49045c1347a09ee4120926016) Importer(815301076,1909f56bfc062723c751e8b465ee728b)
Start importing Assets/StoneUI/Buttons_512x512/Rock_Red/button_rock_red13.png using Guid(f52562e49045c1347a09ee4120926016) Importer(815301076,1909f56bfc062723c751e8b465ee728b) [PhysX] Initialized MultithreadedTaskDispatcher with 12 workers.
[PhysX] Initialized MultithreadedTaskDispatcher with 12 workers.
 -> (artifact id: 'ebab0666bb0d59dacfe02f7694b1c5b3') in 0.009810 seconds
Number of updated asset objects reloaded before import = 0
Number of asset objects unloaded after import = 3
========================================================================
Received Import Request.
  Time since last request: 0.271061 seconds.
  path: Assets/StoneUI/Buttons_512x512/Rock_Red/button_rock_red14.png
  artifactKey: Guid(c27c6671b90db3744970d40cee4be469) Importer(815301076,1909f56bfc062723c751e8b465ee728b)
Start importing Assets/StoneUI/Buttons_512x512/Rock_Red/button_rock_red14.png using Guid(c27c6671b90db3744970d40cee4be469) Importer(815301076,1909f56bfc062723c751e8b465ee728b) [PhysX] Initialized MultithreadedTaskDispatcher with 12 workers.
[PhysX] Initialized MultithreadedTaskDispatcher with 12 workers.
 -> (artifact id: 'e851547ddf1f2ce77530fab90b772854') in 0.010249 seconds
Number of updated asset objects reloaded before import = 0
Number of asset objects unloaded after import = 3
========================================================================
Received Import Request.
  Time since last request: 0.677006 seconds.
  path: Assets/StoneUI/Buttons_512x512/Rock_Red/button_rock_red15.png
  artifactKey: Guid(0edc2cf26bc0efd4dba2809d07299188) Importer(815301076,1909f56bfc062723c751e8b465ee728b)
Start importing Assets/StoneUI/Buttons_512x512/Rock_Red/button_rock_red15.png using Guid(0edc2cf26bc0efd4dba2809d07299188) Importer(815301076,1909f56bfc062723c751e8b465ee728b) [PhysX] Initialized MultithreadedTaskDispatcher with 12 workers.
[PhysX] Initialized MultithreadedTaskDispatcher with 12 workers.
 -> (artifact id: '55f900891eb1f7e9c129b99b1bf0bf7f') in 0.008023 seconds
Number of updated asset objects reloaded before import = 0
Number of asset objects unloaded after import = 3
========================================================================
Received Import Request.
  Time since last request: 0.420855 seconds.
  path: Assets/StoneUI/Buttons_512x512/Rock_Red/button_rock_red16.png
  artifactKey: Guid(a40b02256dcb93445ade256681281648) Importer(815301076,1909f56bfc062723c751e8b465ee728b)
Start importing Assets/StoneUI/Buttons_512x512/Rock_Red/button_rock_red16.png using Guid(a40b02256dcb93445ade256681281648) Importer(815301076,1909f56bfc062723c751e8b465ee728b) [PhysX] Initialized MultithreadedTaskDispatcher with 12 workers.
[PhysX] Initialized MultithreadedTaskDispatcher with 12 workers.
 -> (artifact id: 'ca40ad4fe3e8ed90109094670fdafd03') in 0.007720 seconds
Number of updated asset objects reloaded before import = 0
Number of asset objects unloaded after import = 3
========================================================================
Received Import Request.
  Time since last request: 0.288395 seconds.
  path: Assets/StoneUI/Buttons_512x512/Rock_Red/button_rock_red17.png
  artifactKey: Guid(117cc69c2922c3c4493b5f54fa93f489) Importer(815301076,1909f56bfc062723c751e8b465ee728b)
Start importing Assets/StoneUI/Buttons_512x512/Rock_Red/button_rock_red17.png using Guid(117cc69c2922c3c4493b5f54fa93f489) Importer(815301076,1909f56bfc062723c751e8b465ee728b) [PhysX] Initialized MultithreadedTaskDispatcher with 12 workers.
[PhysX] Initialized MultithreadedTaskDispatcher with 12 workers.
 -> (artifact id: '0f2062213553ef52449b8f9472712c43') in 0.009795 seconds
Number of updated asset objects reloaded before import = 0
Number of asset objects unloaded after import = 3
========================================================================
Received Import Request.
  Time since last request: 0.473360 seconds.
  path: Assets/StoneUI/Buttons_512x512/Rock_Red/button_rock_red18.png
  artifactKey: Guid(d76cba25053bedd46840af96f27990e4) Importer(815301076,1909f56bfc062723c751e8b465ee728b)
Start importing Assets/StoneUI/Buttons_512x512/Rock_Red/button_rock_red18.png using Guid(d76cba25053bedd46840af96f27990e4) Importer(815301076,1909f56bfc062723c751e8b465ee728b) [PhysX] Initialized MultithreadedTaskDispatcher with 12 workers.
[PhysX] Initialized MultithreadedTaskDispatcher with 12 workers.
 -> (artifact id: '125fd2864ae1a3324d6dc275d0bbed4a') in 0.008585 seconds
Number of updated asset objects reloaded before import = 0
Number of asset objects unloaded after import = 3
========================================================================
Received Import Request.
  Time since last request: 3.836440 seconds.
  path: Assets/StoneUI/Buttons_512x512/Rock_Red/button_rock_red19.png
  artifactKey: Guid(3d44d5ab204f2a143a62e3df8e07a562) Importer(815301076,1909f56bfc062723c751e8b465ee728b)
Start importing Assets/StoneUI/Buttons_512x512/Rock_Red/button_rock_red19.png using Guid(3d44d5ab204f2a143a62e3df8e07a562) Importer(815301076,1909f56bfc062723c751e8b465ee728b) [PhysX] Initialized MultithreadedTaskDispatcher with 12 workers.
[PhysX] Initialized MultithreadedTaskDispatcher with 12 workers.
 -> (artifact id: '80e3b2f2405979663953828f081ccda4') in 0.009623 seconds
Number of updated asset objects reloaded before import = 0
Number of asset objects unloaded after import = 3
========================================================================
Received Import Request.
  Time since last request: 0.459865 seconds.
  path: Assets/StoneUI/Buttons_512x512/Rock_Red/button_rock_red20.png
  artifactKey: Guid(1aab08cce82ce394a9f24c716bfc1edd) Importer(815301076,1909f56bfc062723c751e8b465ee728b)
Start importing Assets/StoneUI/Buttons_512x512/Rock_Red/button_rock_red20.png using Guid(1aab08cce82ce394a9f24c716bfc1edd) Importer(815301076,1909f56bfc062723c751e8b465ee728b) [PhysX] Initialized MultithreadedTaskDispatcher with 12 workers.
[PhysX] Initialized MultithreadedTaskDispatcher with 12 workers.
 -> (artifact id: 'f00b63dad334acf7b0a23da26a47cc5d') in 0.009666 seconds
Number of updated asset objects reloaded before import = 0
Number of asset objects unloaded after import = 3
========================================================================
Received Import Request.
  Time since last request: 0.381938 seconds.
  path: Assets/StoneUI/Buttons_512x512/Rock_Red/button_rock_red21.png
  artifactKey: Guid(f1a89536f7675754ab348d22cb5513d6) Importer(815301076,1909f56bfc062723c751e8b465ee728b)
Start importing Assets/StoneUI/Buttons_512x512/Rock_Red/button_rock_red21.png using Guid(f1a89536f7675754ab348d22cb5513d6) Importer(815301076,1909f56bfc062723c751e8b465ee728b) [PhysX] Initialized MultithreadedTaskDispatcher with 12 workers.
[PhysX] Initialized MultithreadedTaskDispatcher with 12 workers.
 -> (artifact id: '3734bcaeeccafe576b1f2f7b9ce745b9') in 0.009669 seconds
Number of updated asset objects reloaded before import = 0
Number of asset objects unloaded after import = 3
========================================================================
Received Import Request.
  Time since last request: 0.283968 seconds.
  path: Assets/StoneUI/Buttons_512x512/Rock_Red/button_rock_red22.png
  artifactKey: Guid(b111930c7250e3a4db267be02bbe846c) Importer(815301076,1909f56bfc062723c751e8b465ee728b)
Start importing Assets/StoneUI/Buttons_512x512/Rock_Red/button_rock_red22.png using Guid(b111930c7250e3a4db267be02bbe846c) Importer(815301076,1909f56bfc062723c751e8b465ee728b) [PhysX] Initialized MultithreadedTaskDispatcher with 12 workers.
[PhysX] Initialized MultithreadedTaskDispatcher with 12 workers.
 -> (artifact id: '139d1f6ec31b2bdc2ac18525c8add33a') in 0.008355 seconds
Number of updated asset objects reloaded before import = 0
Number of asset objects unloaded after import = 3
========================================================================
Received Import Request.
  Time since last request: 0.249470 seconds.
  path: Assets/StoneUI/Buttons_512x512/Rock_Red/button_rock_red23.png
  artifactKey: Guid(f7277bee8c77a2141ac14df7e1addb38) Importer(815301076,1909f56bfc062723c751e8b465ee728b)
Start importing Assets/StoneUI/Buttons_512x512/Rock_Red/button_rock_red23.png using Guid(f7277bee8c77a2141ac14df7e1addb38) Importer(815301076,1909f56bfc062723c751e8b465ee728b) [PhysX] Initialized MultithreadedTaskDispatcher with 12 workers.
[PhysX] Initialized MultithreadedTaskDispatcher with 12 workers.
 -> (artifact id: '01a2131b291dd0bb43454d4f1862071c') in 0.007481 seconds
Number of updated asset objects reloaded before import = 0
Number of asset objects unloaded after import = 3
========================================================================
Received Import Request.
  Time since last request: 0.287162 seconds.
  path: Assets/StoneUI/Buttons_512x512/Rock_Red/button_rock_red24.png
  artifactKey: Guid(324e0ce7566a6ef4a95d2fd4f3bb3803) Importer(815301076,1909f56bfc062723c751e8b465ee728b)
Start importing Assets/StoneUI/Buttons_512x512/Rock_Red/button_rock_red24.png using Guid(324e0ce7566a6ef4a95d2fd4f3bb3803) Importer(815301076,1909f56bfc062723c751e8b465ee728b) [PhysX] Initialized MultithreadedTaskDispatcher with 12 workers.
[PhysX] Initialized MultithreadedTaskDispatcher with 12 workers.
 -> (artifact id: '97d052a9c33f69b04f9502da9a8d25fe') in 0.007468 seconds
Number of updated asset objects reloaded before import = 0
Number of asset objects unloaded after import = 3
========================================================================
Received Import Request.
  Time since last request: 0.590001 seconds.
  path: Assets/StoneUI/Buttons_512x512/Rock_Red/button_rock_red25.png
  artifactKey: Guid(9bec1401bdae9b845a3b3f1cba80ef7a) Importer(815301076,1909f56bfc062723c751e8b465ee728b)
Start importing Assets/StoneUI/Buttons_512x512/Rock_Red/button_rock_red25.png using Guid(9bec1401bdae9b845a3b3f1cba80ef7a) Importer(815301076,1909f56bfc062723c751e8b465ee728b) [PhysX] Initialized MultithreadedTaskDispatcher with 12 workers.
[PhysX] Initialized MultithreadedTaskDispatcher with 12 workers.
 -> (artifact id: '4a220f6401afe4ddcb5268f6fd075d2a') in 0.008130 seconds
Number of updated asset objects reloaded before import = 0
Number of asset objects unloaded after import = 3
========================================================================
Received Import Request.
  Time since last request: 0.214291 seconds.
  path: Assets/StoneUI/Buttons_512x512/Rock_Red/button_rock_red26.png
  artifactKey: Guid(d3f058b6b64da8b46aa6f52ae2b5355e) Importer(815301076,1909f56bfc062723c751e8b465ee728b)
Start importing Assets/StoneUI/Buttons_512x512/Rock_Red/button_rock_red26.png using Guid(d3f058b6b64da8b46aa6f52ae2b5355e) Importer(815301076,1909f56bfc062723c751e8b465ee728b) [PhysX] Initialized MultithreadedTaskDispatcher with 12 workers.
[PhysX] Initialized MultithreadedTaskDispatcher with 12 workers.
 -> (artifact id: '3017018179751d0c3b658a9d68dc24c0') in 0.010352 seconds
Number of updated asset objects reloaded before import = 0
Number of asset objects unloaded after import = 3
========================================================================
Received Import Request.
  Time since last request: 0.258399 seconds.
  path: Assets/StoneUI/Buttons_512x512/Rock_Red/button_rock_red27.png
  artifactKey: Guid(c8b8c283f01adf34dba89442bedc7331) Importer(815301076,1909f56bfc062723c751e8b465ee728b)
Start importing Assets/StoneUI/Buttons_512x512/Rock_Red/button_rock_red27.png using Guid(c8b8c283f01adf34dba89442bedc7331) Importer(815301076,1909f56bfc062723c751e8b465ee728b) [PhysX] Initialized MultithreadedTaskDispatcher with 12 workers.
[PhysX] Initialized MultithreadedTaskDispatcher with 12 workers.
 -> (artifact id: '5954a83e7d444d23e314661ef4188601') in 0.008027 seconds
Number of updated asset objects reloaded before import = 0
Number of asset objects unloaded after import = 3
========================================================================
Received Import Request.
  Time since last request: 0.766549 seconds.
  path: Assets/StoneUI/Buttons_512x512/Rock_Red/button_rock_red28.png
  artifactKey: Guid(b1a6fa1bc91be8f4a836b5661db6eab5) Importer(815301076,1909f56bfc062723c751e8b465ee728b)
Start importing Assets/StoneUI/Buttons_512x512/Rock_Red/button_rock_red28.png using Guid(b1a6fa1bc91be8f4a836b5661db6eab5) Importer(815301076,1909f56bfc062723c751e8b465ee728b) [PhysX] Initialized MultithreadedTaskDispatcher with 12 workers.
[PhysX] Initialized MultithreadedTaskDispatcher with 12 workers.
 -> (artifact id: 'eeeab9664657fcaf7cdbefab22a420ba') in 0.007668 seconds
Number of updated asset objects reloaded before import = 0
Number of asset objects unloaded after import = 3
========================================================================
Received Import Request.
  Time since last request: 0.348053 seconds.
  path: Assets/StoneUI/Buttons_512x512/Rock_Red/button_rock_red29.png
  artifactKey: Guid(f35eba6beb75ec54ea61188166a4ae5c) Importer(815301076,1909f56bfc062723c751e8b465ee728b)
Start importing Assets/StoneUI/Buttons_512x512/Rock_Red/button_rock_red29.png using Guid(f35eba6beb75ec54ea61188166a4ae5c) Importer(815301076,1909f56bfc062723c751e8b465ee728b) [PhysX] Initialized MultithreadedTaskDispatcher with 12 workers.
[PhysX] Initialized MultithreadedTaskDispatcher with 12 workers.
 -> (artifact id: 'f58d20ee366c6ded7ec40cdfdf1ed1a5') in 0.007592 seconds
Number of updated asset objects reloaded before import = 0
Number of asset objects unloaded after import = 3
========================================================================
Received Import Request.
  Time since last request: 0.307438 seconds.
  path: Assets/StoneUI/Buttons_512x512/Rock_Red/button_rock_red30.png
  artifactKey: Guid(d22d85e26eb359342b65eb52734bd221) Importer(815301076,1909f56bfc062723c751e8b465ee728b)
Start importing Assets/StoneUI/Buttons_512x512/Rock_Red/button_rock_red30.png using Guid(d22d85e26eb359342b65eb52734bd221) Importer(815301076,1909f56bfc062723c751e8b465ee728b) [PhysX] Initialized MultithreadedTaskDispatcher with 12 workers.
[PhysX] Initialized MultithreadedTaskDispatcher with 12 workers.
 -> (artifact id: '5ed1d2c8dcb0d892512e95d8005656f4') in 0.008882 seconds
Number of updated asset objects reloaded before import = 0
Number of asset objects unloaded after import = 3
========================================================================
Received Import Request.
  Time since last request: 0.766099 seconds.
  path: Assets/StoneUI/Buttons_512x512/Rock_Red/button_rock_red31.png
  artifactKey: Guid(b8943f31d0ce47f4ea83c13fbffbfde6) Importer(815301076,1909f56bfc062723c751e8b465ee728b)
Start importing Assets/StoneUI/Buttons_512x512/Rock_Red/button_rock_red31.png using Guid(b8943f31d0ce47f4ea83c13fbffbfde6) Importer(815301076,1909f56bfc062723c751e8b465ee728b) [PhysX] Initialized MultithreadedTaskDispatcher with 12 workers.
[PhysX] Initialized MultithreadedTaskDispatcher with 12 workers.
 -> (artifact id: 'f0373571bf4ff4a05cf1dc9310151fd6') in 0.008112 seconds
Number of updated asset objects reloaded before import = 0
Number of asset objects unloaded after import = 3
========================================================================
Received Import Request.
  Time since last request: 0.448238 seconds.
  path: Assets/StoneUI/Buttons_512x512/Rock_Red/button_rock_red32.png
  artifactKey: Guid(e750348e9d60a7f4daf8425596834119) Importer(815301076,1909f56bfc062723c751e8b465ee728b)
Start importing Assets/StoneUI/Buttons_512x512/Rock_Red/button_rock_red32.png using Guid(e750348e9d60a7f4daf8425596834119) Importer(815301076,1909f56bfc062723c751e8b465ee728b) [PhysX] Initialized MultithreadedTaskDispatcher with 12 workers.
[PhysX] Initialized MultithreadedTaskDispatcher with 12 workers.
 -> (artifact id: '54a31eaebaeba3f2b57742f118c35f6e') in 0.009196 seconds
Number of updated asset objects reloaded before import = 0
Number of asset objects unloaded after import = 3
========================================================================
Received Import Request.
  Time since last request: 0.322350 seconds.
  path: Assets/StoneUI/Buttons_512x512/Rock_Red/button_rock_red33.png
  artifactKey: Guid(c78991bc564505a42bfd548381b0292d) Importer(815301076,1909f56bfc062723c751e8b465ee728b)
Start importing Assets/StoneUI/Buttons_512x512/Rock_Red/button_rock_red33.png using Guid(c78991bc564505a42bfd548381b0292d) Importer(815301076,1909f56bfc062723c751e8b465ee728b) [PhysX] Initialized MultithreadedTaskDispatcher with 12 workers.
[PhysX] Initialized MultithreadedTaskDispatcher with 12 workers.
 -> (artifact id: '41d7daccf12a17cfc9a2fa2011236105') in 0.011053 seconds
Number of updated asset objects reloaded before import = 0
Number of asset objects unloaded after import = 3
========================================================================
Received Import Request.
  Time since last request: 0.476682 seconds.
  path: Assets/StoneUI/Buttons_512x512/Rock_Red/button_rock_red34.png
  artifactKey: Guid(2f5db160152418449bd284c6c536f538) Importer(815301076,1909f56bfc062723c751e8b465ee728b)
Start importing Assets/StoneUI/Buttons_512x512/Rock_Red/button_rock_red34.png using Guid(2f5db160152418449bd284c6c536f538) Importer(815301076,1909f56bfc062723c751e8b465ee728b) [PhysX] Initialized MultithreadedTaskDispatcher with 12 workers.
[PhysX] Initialized MultithreadedTaskDispatcher with 12 workers.
 -> (artifact id: 'c1af92ce81fa4d251d98f1d239843a1e') in 0.008808 seconds
Number of updated asset objects reloaded before import = 0
Number of asset objects unloaded after import = 3
========================================================================
Received Import Request.
  Time since last request: 0.311132 seconds.
  path: Assets/StoneUI/Buttons_512x512/Rock_Red/button_rock_red35.png
  artifactKey: Guid(fc51eb813fa6cd44081830067fb6c3ee) Importer(815301076,1909f56bfc062723c751e8b465ee728b)
Start importing Assets/StoneUI/Buttons_512x512/Rock_Red/button_rock_red35.png using Guid(fc51eb813fa6cd44081830067fb6c3ee) Importer(815301076,1909f56bfc062723c751e8b465ee728b) [PhysX] Initialized MultithreadedTaskDispatcher with 12 workers.
[PhysX] Initialized MultithreadedTaskDispatcher with 12 workers.
 -> (artifact id: '2c8538df551bfdd00ecf65405e51a1d3') in 0.008013 seconds
Number of updated asset objects reloaded before import = 0
Number of asset objects unloaded after import = 3
========================================================================
Received Import Request.
  Time since last request: 0.244515 seconds.
  path: Assets/StoneUI/Buttons_512x512/Rock_Red/button_rock_red36.png
  artifactKey: Guid(466d420ca3dc7584d9855f4b16bf93cd) Importer(815301076,1909f56bfc062723c751e8b465ee728b)
Start importing Assets/StoneUI/Buttons_512x512/Rock_Red/button_rock_red36.png using Guid(466d420ca3dc7584d9855f4b16bf93cd) Importer(815301076,1909f56bfc062723c751e8b465ee728b) [PhysX] Initialized MultithreadedTaskDispatcher with 12 workers.
[PhysX] Initialized MultithreadedTaskDispatcher with 12 workers.
 -> (artifact id: '00066bc0e688dd31f68fe6ffb34be284') in 0.009387 seconds
Number of updated asset objects reloaded before import = 0
Number of asset objects unloaded after import = 3
========================================================================
Received Import Request.
  Time since last request: 0.212702 seconds.
  path: Assets/StoneUI/Buttons_512x512/Rock_Red/button_rock_red37.png
  artifactKey: Guid(8647d8c6429232b4faadef752087a3bf) Importer(815301076,1909f56bfc062723c751e8b465ee728b)
Start importing Assets/StoneUI/Buttons_512x512/Rock_Red/button_rock_red37.png using Guid(8647d8c6429232b4faadef752087a3bf) Importer(815301076,1909f56bfc062723c751e8b465ee728b) [PhysX] Initialized MultithreadedTaskDispatcher with 12 workers.
[PhysX] Initialized MultithreadedTaskDispatcher with 12 workers.
 -> (artifact id: '03240c30a25695455bb07f11493d938c') in 0.008217 seconds
Number of updated asset objects reloaded before import = 0
Number of asset objects unloaded after import = 3
========================================================================
Received Import Request.
  Time since last request: 0.244703 seconds.
  path: Assets/StoneUI/Buttons_512x512/Rock_Red/button_rock_red38.png
  artifactKey: Guid(5fd1cb8594948074086195ad4c3fc8f0) Importer(815301076,1909f56bfc062723c751e8b465ee728b)
Start importing Assets/StoneUI/Buttons_512x512/Rock_Red/button_rock_red38.png using Guid(5fd1cb8594948074086195ad4c3fc8f0) Importer(815301076,1909f56bfc062723c751e8b465ee728b) [PhysX] Initialized MultithreadedTaskDispatcher with 12 workers.
[PhysX] Initialized MultithreadedTaskDispatcher with 12 workers.
 -> (artifact id: '2c4efa1b56b576218627cbf875d3b236') in 0.007222 seconds
Number of updated asset objects reloaded before import = 0
Number of asset objects unloaded after import = 3
========================================================================
Received Import Request.
  Time since last request: 0.325762 seconds.
  path: Assets/StoneUI/Buttons_512x512/Rock_Red/button_rock_red39.png
  artifactKey: Guid(15cab8bef6b9f514aa16354a3adccfc6) Importer(815301076,1909f56bfc062723c751e8b465ee728b)
Start importing Assets/StoneUI/Buttons_512x512/Rock_Red/button_rock_red39.png using Guid(15cab8bef6b9f514aa16354a3adccfc6) Importer(815301076,1909f56bfc062723c751e8b465ee728b) [PhysX] Initialized MultithreadedTaskDispatcher with 12 workers.
[PhysX] Initialized MultithreadedTaskDispatcher with 12 workers.
 -> (artifact id: 'ceb4fae744f551d059a9d3b3c787143f') in 0.007683 seconds
Number of updated asset objects reloaded before import = 0
Number of asset objects unloaded after import = 3
========================================================================
Received Import Request.
  Time since last request: 0.349576 seconds.
  path: Assets/StoneUI/Buttons_512x512/Rock_Red/button_rock_red40.png
  artifactKey: Guid(5f4c0a3d562c54a4aaf4e12098a71cd6) Importer(815301076,1909f56bfc062723c751e8b465ee728b)
Start importing Assets/StoneUI/Buttons_512x512/Rock_Red/button_rock_red40.png using Guid(5f4c0a3d562c54a4aaf4e12098a71cd6) Importer(815301076,1909f56bfc062723c751e8b465ee728b) [PhysX] Initialized MultithreadedTaskDispatcher with 12 workers.
[PhysX] Initialized MultithreadedTaskDispatcher with 12 workers.
 -> (artifact id: '9004a2f199dbe4d5f70043c46ed5db43') in 0.008518 seconds
Number of updated asset objects reloaded before import = 0
Number of asset objects unloaded after import = 3
========================================================================
Received Import Request.
  Time since last request: 0.340980 seconds.
  path: Assets/StoneUI/Buttons_512x512/Rock_Red/button_rock_red41.png
  artifactKey: Guid(5169d5733ab9995408ba67eacd73754a) Importer(815301076,1909f56bfc062723c751e8b465ee728b)
Start importing Assets/StoneUI/Buttons_512x512/Rock_Red/button_rock_red41.png using Guid(5169d5733ab9995408ba67eacd73754a) Importer(815301076,1909f56bfc062723c751e8b465ee728b) [PhysX] Initialized MultithreadedTaskDispatcher with 12 workers.
[PhysX] Initialized MultithreadedTaskDispatcher with 12 workers.
 -> (artifact id: 'a3b28fe7a1056c1931e773ee2b2877ca') in 0.007678 seconds
Number of updated asset objects reloaded before import = 0
Number of asset objects unloaded after import = 3
========================================================================
Received Import Request.
  Time since last request: 0.372168 seconds.
  path: Assets/StoneUI/Buttons_512x512/Rock_Red/button_rock_red42.png
  artifactKey: Guid(00c1170cbdb14954bb7b33326b1f0f5f) Importer(815301076,1909f56bfc062723c751e8b465ee728b)
Start importing Assets/StoneUI/Buttons_512x512/Rock_Red/button_rock_red42.png using Guid(00c1170cbdb14954bb7b33326b1f0f5f) Importer(815301076,1909f56bfc062723c751e8b465ee728b) [PhysX] Initialized MultithreadedTaskDispatcher with 12 workers.
[PhysX] Initialized MultithreadedTaskDispatcher with 12 workers.
 -> (artifact id: '2311683797bbf9ee9a781760fcacaf50') in 0.007615 seconds
Number of updated asset objects reloaded before import = 0
Number of asset objects unloaded after import = 3
========================================================================
Received Import Request.
  Time since last request: 0.154065 seconds.
  path: Assets/StoneUI/Buttons_512x512/Rock_Red/button_rock_red43.png
  artifactKey: Guid(a3fd1ebc89178f4489503c48d6ed17c8) Importer(815301076,1909f56bfc062723c751e8b465ee728b)
Start importing Assets/StoneUI/Buttons_512x512/Rock_Red/button_rock_red43.png using Guid(a3fd1ebc89178f4489503c48d6ed17c8) Importer(815301076,1909f56bfc062723c751e8b465ee728b) [PhysX] Initialized MultithreadedTaskDispatcher with 12 workers.
[PhysX] Initialized MultithreadedTaskDispatcher with 12 workers.
 -> (artifact id: '6fdf05454af72a946be2f925a28d828c') in 0.008606 seconds
Number of updated asset objects reloaded before import = 0
Number of asset objects unloaded after import = 3
========================================================================
Received Import Request.
  Time since last request: 0.160675 seconds.
  path: Assets/StoneUI/Buttons_512x512/Rock_Red/button_rock_red44.png
  artifactKey: Guid(0b912b446486b9c4ba04e8580b939b87) Importer(815301076,1909f56bfc062723c751e8b465ee728b)
Start importing Assets/StoneUI/Buttons_512x512/Rock_Red/button_rock_red44.png using Guid(0b912b446486b9c4ba04e8580b939b87) Importer(815301076,1909f56bfc062723c751e8b465ee728b) [PhysX] Initialized MultithreadedTaskDispatcher with 12 workers.
[PhysX] Initialized MultithreadedTaskDispatcher with 12 workers.
 -> (artifact id: 'dbb85389c69df822e8ff174e4a3ca582') in 0.010592 seconds
Number of updated asset objects reloaded before import = 0
Number of asset objects unloaded after import = 3
========================================================================
Received Import Request.
  Time since last request: 0.343712 seconds.
  path: Assets/StoneUI/Buttons_512x512/Rock_Red/button_rock_red45.png
  artifactKey: Guid(9fa3aab13f262e1459838ee87baec395) Importer(815301076,1909f56bfc062723c751e8b465ee728b)
Start importing Assets/StoneUI/Buttons_512x512/Rock_Red/button_rock_red45.png using Guid(9fa3aab13f262e1459838ee87baec395) Importer(815301076,1909f56bfc062723c751e8b465ee728b) [PhysX] Initialized MultithreadedTaskDispatcher with 12 workers.
[PhysX] Initialized MultithreadedTaskDispatcher with 12 workers.
 -> (artifact id: '61fa99c0feb2a6d5f4f773511c24566b') in 0.007954 seconds
Number of updated asset objects reloaded before import = 0
Number of asset objects unloaded after import = 3
========================================================================
Received Import Request.
  Time since last request: 0.337773 seconds.
  path: Assets/StoneUI/Buttons_512x512/Rock_Red/button_rock_red46.png
  artifactKey: Guid(46fc2eb5f17f34948ba783515f5a5fc6) Importer(815301076,1909f56bfc062723c751e8b465ee728b)
Start importing Assets/StoneUI/Buttons_512x512/Rock_Red/button_rock_red46.png using Guid(46fc2eb5f17f34948ba783515f5a5fc6) Importer(815301076,1909f56bfc062723c751e8b465ee728b) [PhysX] Initialized MultithreadedTaskDispatcher with 12 workers.
[PhysX] Initialized MultithreadedTaskDispatcher with 12 workers.
 -> (artifact id: 'c36a4ff30da5e36f2d109e7a9f5e2565') in 0.007350 seconds
Number of updated asset objects reloaded before import = 0
Number of asset objects unloaded after import = 3
========================================================================
Received Import Request.
  Time since last request: 0.344532 seconds.
  path: Assets/StoneUI/Buttons_512x512/Rock_Red/button_rock_red47.png
  artifactKey: Guid(e4ee63621322db1419d1270955db4eb7) Importer(815301076,1909f56bfc062723c751e8b465ee728b)
Start importing Assets/StoneUI/Buttons_512x512/Rock_Red/button_rock_red47.png using Guid(e4ee63621322db1419d1270955db4eb7) Importer(815301076,1909f56bfc062723c751e8b465ee728b) [PhysX] Initialized MultithreadedTaskDispatcher with 12 workers.
[PhysX] Initialized MultithreadedTaskDispatcher with 12 workers.
 -> (artifact id: '98a43340bfe1bc53f77c3575e1417676') in 0.007709 seconds
Number of updated asset objects reloaded before import = 0
Number of asset objects unloaded after import = 3
========================================================================
Received Import Request.
  Time since last request: 0.362129 seconds.
  path: Assets/StoneUI/Buttons_512x512/Rock_Red/button_rock_red48.png
  artifactKey: Guid(5b9e62462df78ac4d9a1428632cbf367) Importer(815301076,1909f56bfc062723c751e8b465ee728b)
Start importing Assets/StoneUI/Buttons_512x512/Rock_Red/button_rock_red48.png using Guid(5b9e62462df78ac4d9a1428632cbf367) Importer(815301076,1909f56bfc062723c751e8b465ee728b) [PhysX] Initialized MultithreadedTaskDispatcher with 12 workers.
[PhysX] Initialized MultithreadedTaskDispatcher with 12 workers.
 -> (artifact id: 'aa7ad713da534df08bc2929bdee4bd54') in 0.007457 seconds
Number of updated asset objects reloaded before import = 0
Number of asset objects unloaded after import = 3
========================================================================
Received Import Request.
  Time since last request: 0.307265 seconds.
  path: Assets/StoneUI/Buttons_512x512/Rock_Red/button_rock_red49.png
  artifactKey: Guid(a87d11d4aea78a14fb3bc9a3beb11e6f) Importer(815301076,1909f56bfc062723c751e8b465ee728b)
Start importing Assets/StoneUI/Buttons_512x512/Rock_Red/button_rock_red49.png using Guid(a87d11d4aea78a14fb3bc9a3beb11e6f) Importer(815301076,1909f56bfc062723c751e8b465ee728b) [PhysX] Initialized MultithreadedTaskDispatcher with 12 workers.
[PhysX] Initialized MultithreadedTaskDispatcher with 12 workers.
 -> (artifact id: 'ad469893928800313ae77d5783bac5bd') in 0.008423 seconds
Number of updated asset objects reloaded before import = 0
Number of asset objects unloaded after import = 3
========================================================================
Received Import Request.
  Time since last request: 0.385675 seconds.
  path: Assets/StoneUI/Buttons_512x512/Rock_Red/button_rock_red50.png
  artifactKey: Guid(c05e5ec09b9c2e649b6140c9f4edd280) Importer(815301076,1909f56bfc062723c751e8b465ee728b)
Start importing Assets/StoneUI/Buttons_512x512/Rock_Red/button_rock_red50.png using Guid(c05e5ec09b9c2e649b6140c9f4edd280) Importer(815301076,1909f56bfc062723c751e8b465ee728b) [PhysX] Initialized MultithreadedTaskDispatcher with 12 workers.
[PhysX] Initialized MultithreadedTaskDispatcher with 12 workers.
 -> (artifact id: '729cad180242ab00f4c0a06a28306e5d') in 0.007645 seconds
Number of updated asset objects reloaded before import = 0
Number of asset objects unloaded after import = 3
========================================================================
Received Import Request.
  Time since last request: 1.180146 seconds.
  path: Assets/StoneUI/Buttons_512x512/Rock_Violet
  artifactKey: Guid(8da77b3fb47492e48b0fd79f4a1293ed) Importer(815301076,1909f56bfc062723c751e8b465ee728b)
Start importing Assets/StoneUI/Buttons_512x512/Rock_Violet using Guid(8da77b3fb47492e48b0fd79f4a1293ed) Importer(815301076,1909f56bfc062723c751e8b465ee728b) [PhysX] Initialized MultithreadedTaskDispatcher with 12 workers.
 -> (artifact id: 'b2a495ea833978fb40a5fad5ab03c6e6') in 0.000389 seconds
Number of updated asset objects reloaded before import = 0
Number of asset objects unloaded after import = 0
========================================================================
Received Import Request.
  Time since last request: 465.913494 seconds.
  path: Assets/Scripts/Player/PlayerAnimator.cs
  artifactKey: Guid(b2ab7aec84e7f03429e2830c540c5a91) Importer(815301076,1909f56bfc062723c751e8b465ee728b)
Start importing Assets/Scripts/Player/PlayerAnimator.cs using Guid(b2ab7aec84e7f03429e2830c540c5a91) Importer(815301076,1909f56bfc062723c751e8b465ee728b) [PhysX] Initialized MultithreadedTaskDispatcher with 12 workers.
 -> (artifact id: '318bd107f0ccc0ca1b7bc6bf4d8cee35') in 0.000484 seconds
Number of updated asset objects reloaded before import = 0
Number of asset objects unloaded after import = 0
========================================================================
Received Import Request.
  Time since last request: 27.668187 seconds.
  path: Assets/Scripts/Player/PlayerAnimation.cs
  artifactKey: Guid(b2ab7aec84e7f03429e2830c540c5a91) Importer(815301076,1909f56bfc062723c751e8b465ee728b)
Start importing Assets/Scripts/Player/PlayerAnimation.cs using Guid(b2ab7aec84e7f03429e2830c540c5a91) Importer(815301076,1909f56bfc062723c751e8b465ee728b) [PhysX] Initialized MultithreadedTaskDispatcher with 12 workers.
 -> (artifact id: '93dbe052924656d11cd5a9251591f981') in 0.000416 seconds
Number of updated asset objects reloaded before import = 0
Number of asset objects unloaded after import = 0
========================================================================
Received Prepare
Caller must complete domain reload
Begin MonoManager ReloadAssembly
- Loaded All Assemblies, in  1.032 seconds
Native extension for LinuxStandalone target not found
Native extension for WindowsStandalone target not found
Native extension for Android target not found
Native extension for WebGL target not found
Mono: successfully reloaded assembly
- Finished resetting the current domain, in  0.668 seconds
Domain Reload Profiling: 1703ms
	BeginReloadAssembly (744ms)
		ExecutionOrderSort (0ms)
		DisableScriptedObjects (617ms)
		BackupInstance (0ms)
		ReleaseScriptingObjects (0ms)
		CreateAndSetChildDomain (45ms)
	RebuildCommonClasses (24ms)
	RebuildNativeTypeToScriptingClass (6ms)
	initialDomainReloadingComplete (21ms)
	LoadAllAssembliesAndSetupDomain (239ms)
		LoadAssemblies (240ms)
		RebuildTransferFunctionScriptingTraits (0ms)
		AnalyzeDomain (49ms)
			TypeCache.Refresh (11ms)
				TypeCache.ScanAssembly (0ms)
			ScanForSourceGeneratedMonoScriptInfo (25ms)
			ResolveRequiredComponents (12ms)
	FinalizeReload (669ms)
		ReleaseScriptCaches (0ms)
		RebuildScriptCaches (0ms)
		SetupLoadedEditorAssemblies (437ms)
			LogAssemblyErrors (0ms)
			InitializePlatformSupportModulesInManaged (50ms)
			SetLoadedEditorAssemblies (3ms)
			RefreshPlugins (0ms)
			BeforeProcessingInitializeOnLoad (67ms)
			ProcessInitializeOnLoadAttributes (243ms)
			ProcessInitializeOnLoadMethodAttributes (71ms)
			AfterProcessingInitializeOnLoad (3ms)
			EditorAssembliesLoaded (0ms)
		ExecutionOrderSort2 (0ms)
		AwakeInstancesAfterBackupRestoration (9ms)
WARNING: Shader Unsupported: 'Hidden/Universal Render Pipeline/StencilDeferred' - All subshaders removed
WARNING: Shader Did you use #pragma only_renderers and omit this platform?
WARNING: Shader If subshaders removal was intentional, you may have forgotten turning Fallback off?
WARNING: Shader Unsupported: 'Hidden/Universal Render Pipeline/StencilDeferred' - All subshaders removed
WARNING: Shader Did you use #pragma only_renderers and omit this platform?
WARNING: Shader If subshaders removal was intentional, you may have forgotten turning Fallback off?
Shader Hidden/ProbeVolume/VoxelizeScene is not supported: GPU does not support conservative rasterization
Refreshing native plugins compatible for Editor in 1.76 ms, found 1 plugins.
Preloading 0 native plugins for Editor in 0.00 ms.
Unloading 6030 Unused Serialized files (Serialized files now loaded: 0)
Unloading 39 unused Assets / (0.9 MB). Loaded Objects now: 6661.
Memory consumption went from 199.3 MB to 198.4 MB.
Total: 5.087841 ms (FindLiveObjects: 0.565295 ms CreateObjectMapping: 0.465048 ms MarkObjects: 3.624733 ms  DeleteObjects: 0.431192 ms)

Prepare: number of updated asset objects reloaded= 0
AssetImportParameters requested are different than current active one (requested -> active):
  custom:container-demuxer-ogg: 62fdf1f143b41e24485cea50d1cbac27 -> 
  custom:video-decoder-ogg-theora: a1e56fd34408186e4bbccfd4996cb3dc -> 
  custom:CustomObjectIndexerAttribute: f3847dcb39c2a616e8d79845aaae36f1 -> 
  custom:container-demuxer-webm: 4f35f7cbe854078d1ac9338744f61a02 -> 
  custom:container-muxer-webm: aa71ff27fc2769a1b78a27578f13a17b -> 
  custom:video-decoder-webm-vp8: 9c59270c3fd7afecdb556c50c9e8de78 -> 
  custom:SearchIndexIgnoredProperties: e643bd26f0fe6173181afceb89e7c659 -> 
  custom:AudioImporter_EditorPlatform: 2f0ff77a95e0ac474e3e8eeba4e2f7cb -> 
  custom:scripting/monoscript/fileName/PlayerAnimation.cs: 75fb796e09df371b9af382765849ce3d -> 
  custom:video-encoder-webm-vp8: eb34c28f22e8b96e1ab97ce403110664 -> 
  custom:audio-decoder-ogg-vorbis: bf7c407c2cedff20999df2af8eb42d56 -> 
  custom:audio-encoder-webm-vorbis: bf7c407c2cedff20999df2af8eb42d56 -> 
  custom:scripting/precompiled-assembly-types:Assembly-CSharp: ad2251eceb0ef23b5554408aa4b5534c -> 4d322db8e8101f767ef3a86c9ca13586
========================================================================
Received Import Request.
  Time since last request: 8.808562 seconds.
  path: Assets/Scripts/Player/PlayerAnimation.cs
  artifactKey: Guid(b2ab7aec84e7f03429e2830c540c5a91) Importer(815301076,1909f56bfc062723c751e8b465ee728b)
Start importing Assets/Scripts/Player/PlayerAnimation.cs using Guid(b2ab7aec84e7f03429e2830c540c5a91) Importer(815301076,1909f56bfc062723c751e8b465ee728b) [PhysX] Initialized MultithreadedTaskDispatcher with 12 workers.
 -> (artifact id: 'd67d35855454c235273a72446b2ef04b') in 0.001629 seconds
Number of updated asset objects reloaded before import = 0
Number of asset objects unloaded after import = 0
========================================================================
Received Prepare
Caller must complete domain reload
Begin MonoManager ReloadAssembly
- Loaded All Assemblies, in  0.500 seconds
Native extension for LinuxStandalone target not found
Native extension for WindowsStandalone target not found
Native extension for Android target not found
Native extension for WebGL target not found
Mono: successfully reloaded assembly
- Finished resetting the current domain, in  1.576 seconds
Domain Reload Profiling: 2074ms
	BeginReloadAssembly (139ms)
		ExecutionOrderSort (0ms)
		DisableScriptedObjects (12ms)
		BackupInstance (0ms)
		ReleaseScriptingObjects (0ms)
		CreateAndSetChildDomain (38ms)
	RebuildCommonClasses (33ms)
	RebuildNativeTypeToScriptingClass (9ms)
	initialDomainReloadingComplete (31ms)
	LoadAllAssembliesAndSetupDomain (286ms)
		LoadAssemblies (288ms)
		RebuildTransferFunctionScriptingTraits (0ms)
		AnalyzeDomain (57ms)
			TypeCache.Refresh (14ms)
				TypeCache.ScanAssembly (0ms)
			ScanForSourceGeneratedMonoScriptInfo (28ms)
			ResolveRequiredComponents (14ms)
	FinalizeReload (1576ms)
		ReleaseScriptCaches (0ms)
		RebuildScriptCaches (0ms)
		SetupLoadedEditorAssemblies (452ms)
			LogAssemblyErrors (0ms)
			InitializePlatformSupportModulesInManaged (55ms)
			SetLoadedEditorAssemblies (4ms)
			RefreshPlugins (0ms)
			BeforeProcessingInitializeOnLoad (76ms)
			ProcessInitializeOnLoadAttributes (238ms)
			ProcessInitializeOnLoadMethodAttributes (77ms)
			AfterProcessingInitializeOnLoad (3ms)
			EditorAssembliesLoaded (0ms)
		ExecutionOrderSort2 (0ms)
		AwakeInstancesAfterBackupRestoration (10ms)
WARNING: Shader Unsupported: 'Hidden/Universal Render Pipeline/StencilDeferred' - All subshaders removed
WARNING: Shader Did you use #pragma only_renderers and omit this platform?
WARNING: Shader If subshaders removal was intentional, you may have forgotten turning Fallback off?
WARNING: Shader Unsupported: 'Hidden/Universal Render Pipeline/StencilDeferred' - All subshaders removed
WARNING: Shader Did you use #pragma only_renderers and omit this platform?
WARNING: Shader If subshaders removal was intentional, you may have forgotten turning Fallback off?
Shader Hidden/ProbeVolume/VoxelizeScene is not supported: GPU does not support conservative rasterization
Refreshing native plugins compatible for Editor in 0.97 ms, found 1 plugins.
Preloading 0 native plugins for Editor in 0.00 ms.
Unloading 6030 Unused Serialized files (Serialized files now loaded: 0)
Unloading 39 unused Assets / (0.9 MB). Loaded Objects now: 6679.
Memory consumption went from 199.3 MB to 198.4 MB.
Total: 4.426039 ms (FindLiveObjects: 0.351881 ms CreateObjectMapping: 0.228463 ms MarkObjects: 3.394486 ms  DeleteObjects: 0.449262 ms)

Prepare: number of updated asset objects reloaded= 0
AssetImportParameters requested are different than current active one (requested -> active):
  custom:container-demuxer-ogg: 62fdf1f143b41e24485cea50d1cbac27 -> 
  custom:video-decoder-ogg-theora: a1e56fd34408186e4bbccfd4996cb3dc -> 
  custom:CustomObjectIndexerAttribute: f3847dcb39c2a616e8d79845aaae36f1 -> 
  custom:container-demuxer-webm: 4f35f7cbe854078d1ac9338744f61a02 -> 
  custom:container-muxer-webm: aa71ff27fc2769a1b78a27578f13a17b -> 
  custom:video-decoder-webm-vp8: 9c59270c3fd7afecdb556c50c9e8de78 -> 
  custom:SearchIndexIgnoredProperties: e643bd26f0fe6173181afceb89e7c659 -> 
  custom:AudioImporter_EditorPlatform: 2f0ff77a95e0ac474e3e8eeba4e2f7cb -> 
  custom:scripting/monoscript/fileName/PlayerAnimation.cs: 133362f4569ff299a4fb9418ed7b7293 -> 
  custom:video-encoder-webm-vp8: eb34c28f22e8b96e1ab97ce403110664 -> 
  custom:audio-decoder-ogg-vorbis: bf7c407c2cedff20999df2af8eb42d56 -> 
  custom:audio-encoder-webm-vorbis: bf7c407c2cedff20999df2af8eb42d56 -> 
  custom:scripting/precompiled-assembly-types:Assembly-CSharp: 01f31ae4f64fb9d07724e9abfcc23b18 -> 4d322db8e8101f767ef3a86c9ca13586
========================================================================
Received Import Request.
  Time since last request: 572.480838 seconds.
  path: Assets/Scripts/Player/PlayerAnimation.cs
  artifactKey: Guid(b2ab7aec84e7f03429e2830c540c5a91) Importer(815301076,1909f56bfc062723c751e8b465ee728b)
Start importing Assets/Scripts/Player/PlayerAnimation.cs using Guid(b2ab7aec84e7f03429e2830c540c5a91) Importer(815301076,1909f56bfc062723c751e8b465ee728b) [PhysX] Initialized MultithreadedTaskDispatcher with 12 workers.
 -> (artifact id: '9b9b59ba390e83086ebec868c3ce04a4') in 0.001928 seconds
Number of updated asset objects reloaded before import = 0
Number of asset objects unloaded after import = 0
========================================================================
Received Import Request.
  Time since last request: 2.108058 seconds.
  path: Assets/Scripts/Game Controller/Bootstrap.cs
  artifactKey: Guid(3411ce63c9de371b2bff8b1952cea0e9) Importer(815301076,1909f56bfc062723c751e8b465ee728b)
Start importing Assets/Scripts/Game Controller/Bootstrap.cs using Guid(3411ce63c9de371b2bff8b1952cea0e9) Importer(815301076,1909f56bfc062723c751e8b465ee728b) [PhysX] Initialized MultithreadedTaskDispatcher with 12 workers.
 -> (artifact id: 'c0671bb55416f98d9e91e70f4fd6e160') in 0.000318 seconds
Number of updated asset objects reloaded before import = 0
Number of asset objects unloaded after import = 0
========================================================================
Received Import Request.
  Time since last request: 20.367771 seconds.
  path: Assets/Scripts/Game Controller/GameController.cs
  artifactKey: Guid(36702e8d67ddbce3581e4532aacc1558) Importer(815301076,1909f56bfc062723c751e8b465ee728b)
Start importing Assets/Scripts/Game Controller/GameController.cs using Guid(36702e8d67ddbce3581e4532aacc1558) Importer(815301076,1909f56bfc062723c751e8b465ee728b) [PhysX] Initialized MultithreadedTaskDispatcher with 12 workers.
 -> (artifact id: '1318c4436de01c3e310ecc492823b1e8') in 0.000490 seconds
Number of updated asset objects reloaded before import = 0
Number of asset objects unloaded after import = 0
